miRNAid,miRNAname,geneID,geneName,geneType,chromosome,start,end,strand,clipExpNum,degraExpNum,RBP,merClass,miRseq,align,targetSeq,TDMDScore,phyloP,pancancerNum
MIMAT0019908,hsa-miR-4761-5p,ENSG00000247556,OIP5-AS1,lncRNA,chr15,41283990,41284006,+,0,0,NA,8mer,ccagUCCGUACGUGUGGAACa,|||  ||  |||||||,----AGGGUUGGCCACCUUGa,0.5435,0.719,0
MIMAT0005789,hsa-miR-513c-5p,ENSG00000247556,OIP5-AS1,lncRNA,chr15,41283990,41284009,+,0,0,NA,8mer,uauuugcugUGGAGGAACUCUu,|      :|| ||||||||,--aggguugGCCACCUUGAGAa,0.3713,0.759,4
MIMAT0015087,hsa-miR-514b-5p,ENSG00000247556,OIP5-AS1,lncRNA,chr15,41283990,41284009,+,0,0,NA,8mer,uaCUAACGGAGGGAGAACUCUu,| |:||| | | | |||||||,agGGUUGGC-CAC-CUUGAGAa,1.2406,0.759,5
MIMAT0004984,hsa-miR-941,ENSG00000247556,OIP5-AS1,lncRNA,chr15,41284159,41284183,+,0,0,NA,8mer,cgUGUA-CACGUGUG-UCGGCCCAc,:|:| |  || || :|||||||,ugGCGUGGCCCAGACGGGCCGGGUa,1.036,-0.65,0
MIMAT0019868,hsa-miR-4739,ENSG00000247556,OIP5-AS1,lncRNA,chr15,41285258,41285282,+,1,0,AGO2,8mer,ucccgGGGAGGCGAGGAGGAGGGAa,|    ||   | :||:||||||||,acuaaCCGAACAUUCUUCCUCCCUa,0.8214,-0.113,2
MIMAT0022714,hsa-miR-766-5p,ENSG00000247556,OIP5-AS1,lncRNA,chr15,41285259,41285280,+,1,0,AGO2,7mer-m8,uucUGG-UCGUGGUUAAGGAGGa,||| | ||::  |||||||,cuaACCGAACAUU-CUUCCUCCc,1.0177,-0.074,1
MIMAT0019899,hsa-miR-4756-5p,ENSG00000247556,OIP5-AS1,lncRNA,chr15,41285260,41285282,+,1,0,AGO2,8mer,ucgucucucacucgcGGAGGGAc,|       |||||||,uaaccgaacauucuuCCUCCCUa,-0.3251,-0.085,1
MIMAT0005952,hsa-miR-1321,ENSG00000247556,OIP5-AS1,lncRNA,chr15,41285264,41285282,+,1,0,AGO2,8mer,uagUGUAAG-UGGAGGGAc,||||||  |||||||,cgaACAUUCUUCCUCCCUa,1.6399,0.024,0
MIMAT0004809,hsa-miR-628-5p,ENSG00000247556,OIP5-AS1,lncRNA,chr15,41285407,41285428,+,0,0,NA,8mer,ggagaucaUUUAUACAGUCGUa,||| : |||||||,gaguccaaAAAGGAGUCAGCAa,0.2721,0.222,6
MIMAT0000265,hsa-miR-204-5p,ENSG00000247556,OIP5-AS1,lncRNA,chr15,41285411,41285434,+,0,0,NA,7mer-m8,uccgUAUCCU-ACU-GUUUCCCUu,| |||| | | ||||||||,ccaaAAAGGAGUCAGCAAAGGGAg,1.0521,0.277,3
MIMAT0000268,hsa-miR-211-5p,ENSG00000247556,OIP5-AS1,lncRNA,chr15,41285411,41285434,+,0,0,NA,7mer-m8,uccgcUUCCU-ACU-GUUUCCCUu,||||| | | ||||||||,ccaaaAAGGAGUCAGCAAAGGGAg,1.1083,0.277,4
MIMAT0000754,hsa-miR-337-3p,ENSG00000247556,OIP5-AS1,lncRNA,chr15,41285437,41285459,+,0,0,NA,7mer-m8,cuUCUUUCCGU-AGUAUAUCCUc,:|: :|||| |: |||||||,agGGGUGGGCAGUUUUAUAGGAu,1.3127,0.046,7
MIMAT0003267,hsa-miR-599,ENSG00000247556,OIP5-AS1,lncRNA,chr15,41285670,41285689,+,0,0,NA,7mer-m8,caaACUAUUU-GACUGUGUUg,|  | | |:: |||||||||,ggcUCAGAGGCCUGACACAA-,1.05,0.012,1
MIMAT0022706,hsa-miR-561-5p,ENSG00000247556,OIP5-AS1,lncRNA,chr15,41286026,41286043,+,0,0,NA,7mer-m8,ccgUUUCAAAUUCUAGGAACUa,||| |||    |||||||,aagAAAAUUU----UCCUUGAc,0.8381,0.941,2
MIMAT0027571,hsa-miR-6835-3p,ENSG00000247556,OIP5-AS1,lncRNA,chr15,41286035,41286057,+,0,0,NA,7mer-m8,gacccuCUGUCUUUUCACGAAAa,|    |||    |:|||||||,uuccuuGACCUUUAGGUGCUUUu,0.7455,1.258,0
MIMAT0002824,hsa-miR-498,ENSG00000247556,OIP5-AS1,lncRNA,chr15,41286126,41286150,+,0,0,NA,8mer,cuUUUUG-CGGG-GGACCGAACUUu,||| || |:::   | |||||||,caAAUACUGUUUAAGUAGCUUGAAa,1.1675,0.566,3
MIMAT0003328,hsa-miR-653-5p,ENSG00000247556,OIP5-AS1,lncRNA,chr15,41286239,41286258,+,0,0,NA,8mer,gucaucucUAACAAAGUUGUg,|      ||| ||||||||,aaucuuuuAUU-UUUCAACAa,0.641,0.09,10
MIMAT0004987,hsa-miR-944,ENSG00000247556,OIP5-AS1,lncRNA,chr15,41286296,41286318,+,0,0,NA,7mer-m8,gaguaGGCUACAU-GUUAUUAAa,|   :| |  || ||||||||,uuugcUCAAACUACCAAUAAUUu,0.8304,-0.202,3
MIMAT0022272,hsa-miR-664b-3p,ENSG00000247556,OIP5-AS1,lncRNA,chr15,41286350,41286374,+,0,0,NA,7mer-m8,acAUCCGAC--CC-UCCGUUUACUu,||| :||  || |  |||||||,auUAGAUUGAAGGAAAUCAAAUGAu,1.0776,0.473,6
MIMAT0003244,hsa-miR-579-3p,ENSG00000247556,OIP5-AS1,lncRNA,chr15,41286352,41286374,+,0,0,NA,7mer-m8,uuagcgccaaaUAUGGUUUACUu,|    |    | |:|||||||,uagauugaaggAAAUCAAAUGAu,0.4221,0.407,9
MIMAT0019699,hsa-miR-4640-5p,ENSG00000247556,OIP5-AS1,lncRNA,chr15,41286372,41286394,+,0,0,NA,7mer-m8,ggguggucgacgagGGACCGGGu,|       ||||||||,gauuaaaaaauaggCCUGGCCCg,-0.1231,0.288,4
MIMAT0019845,hsa-miR-4726-5p,ENSG00000247556,OIP5-AS1,lncRNA,chr15,41286372,41286394,+,0,0,NA,7mer-m8,ggugagguccgaggaGACCGGGa,|       |||||||,gauuaaaaaauaggcCUGGCCCg,-0.3251,0.288,2
MIMAT0000451,hsa-miR-150-5p,ENSG00000247556,OIP5-AS1,lncRNA,chr15,41286406,41286429,+,0,0,NA,7mer-m8,gugaccAUGUUC--CCAACCCUCu,|  |  | | ||  | |||||||,cuguaaUCCCAGCAGUUUGGGAGg,0.7805,0.222,5
MIMAT0001532,hsa-miR-448,ENSG00000247556,OIP5-AS1,lncRNA,chr15,41287452,41287473,+,0,0,NA,7mer-m8,uaccCUGUAGGAUGUAUACGUu,||  | |||| ||:|||||||,auauGCCAUCAUAUAUAUGCAc,1.5776,0.026,2
MIMAT0000081,hsa-miR-25-3p,ENSG00000247556,OIP5-AS1,lncRNA,chr15,41287973,41287996,+,0,0,NA,7mer-m8,agucUGGCUCUG--UUCACGUUAc,|   :|| ||:|  |||||||||,ugucGCCCAGGCUGAAGUGCAAUg,1.1596,-0.156,7
MIMAT0000092,hsa-miR-92a-3p,ENSG00000247556,OIP5-AS1,lncRNA,chr15,41287974,41287996,+,0,0,NA,7mer-m8,uguCCGGCCCUG-UUCACGUUAu,| || || : |||||||||,gucGCCCAGGCUGAAGUGCAAUg,1.0232,-0.193,5
MIMAT0003218,hsa-miR-92b-3p,ENSG00000247556,OIP5-AS1,lncRNA,chr15,41287974,41287996,+,0,0,NA,7mer-m8,ccuCCGGCCCUGC-UCACGUUAu,|  | || || :| ||||||||,gucGCCCAGGCUGAAGUGCAAUg,1.1928,-0.193,4
MIMAT0000090,hsa-miR-32-5p,ENSG00000247556,OIP5-AS1,lncRNA,chr15,41287975,41287996,+,0,0,NA,7mer-m8,acguugaaucAUUACACGUUAu,|    |    |:| |||||||,ucgcccaggcUGAAGUGCAAUg,0.4867,-0.2,7
MIMAT0000707,hsa-miR-363-3p,ENSG00000247556,OIP5-AS1,lncRNA,chr15,41287975,41287996,+,0,0,NA,7mer-m8,augucuaCCUAUGGCACGUUAa,|      || |:  |||||||,ucgcccaGGCUGAAGUGCAAUg,0.4998,-0.2,5
MIMAT0000719,hsa-miR-367-3p,ENSG00000247556,OIP5-AS1,lncRNA,chr15,41287976,41287996,+,0,0,NA,7mer-m8,aguGGUAACGAUUUCACGUUAa,|||  |||:|||||||||,cgcCCA-GGCUGAAGUGCAAUg,1.2339,-0.176,1
MIMAT0027668,hsa-miR-6884-5p,ENSG00000247556,OIP5-AS1,lncRNA,chr15,41288039,41288061,+,0,0,NA,7mer-m8,guuguAGUGGA-AGAGUCGGAGa,|| |||  |||||||||,gcgauUCUCCUGCCUCAGCCUCc,0.8972,0.279,1
MIMAT0002175,hsa-miR-485-5p,ENSG00000247556,OIP5-AS1,lncRNA,chr15,41288040,41288061,+,0,0,NA,7mer-m8,cuUAAGUAGUGCCG-GUCGGAGa,|||| || :| | |||||||,cgAUUC-UCCUGCCUCAGCCUCc,1.3049,0.329,3
MIMAT0004920,hsa-miR-541-3p,ENSG00000247556,OIP5-AS1,lncRNA,chr15,41288160,41288186,+,0,0,NA,7mer-m8,ucAGGUCU-AAG-AC-A--CGGGUGGu,| ||| ||  || || |  |||||||,acUCCUGACCUCGUGAUCCGCCCACCu,1.3081,0.13,5
MIMAT0003330,hsa-miR-654-5p,ENSG00000247556,OIP5-AS1,lncRNA,chr15,41288168,41288186,+,0,0,NA,7mer-m8,cguGUACAAGACGCCGGGUGGu,| |:|| ||  | |||||||,ccuCGUGAUC--C-GCCCACCu,0.9922,0.069,2
MIMAT0000273,hsa-miR-216a-5p,ENSG00000247556,OIP5-AS1,lncRNA,chr15,41288189,41288210,+,0,0,NA,7mer-m8,agugucaacgguCGACUCUAAu,|          |||||||||,gccucccaaaauGCUGAGAUUg,0,0.09,3
MIMAT0005955,hsa-miR-1197,ENSG00000247556,OIP5-AS1,lncRNA,chr15,41288225,41288246,+,0,0,NA,7mer-m8,ucuucauCUGGU-ACACAGGAu,|     |:||| ||||||||,cgcgccuGGCCAGUGUGUCCUu,0.9005,-0.108,2
MIMAT0017988,hsa-miR-3611,ENSG00000247556,OIP5-AS1,lncRNA,chr15,41288493,41288513,+,0,0,NA,7mer-m8,auUCUUAAAGAAAGAAGUGUu,| || | |  ||||||||,gcAUAACUCCAGUCUUCACAu,0.9721,-0.141,2
MIMAT0011778,hsa-miR-2278,ENSG00000247556,OIP5-AS1,lncRNA,chr15,41288569,41288590,+,0,0,NA,7mer-m8,ggucCGUUGUGUGUGACGAGAg,| ::: ||: |||||||,gauuGGGGUCCAUCCUGCUCUg,0.8104,-0.094,2
MIMAT0000451,hsa-miR-150-5p,ENSG00000247556,OIP5-AS1,lncRNA,chr15,41288677,41288698,+,0,0,NA,7mer-m8,gugaccAUGUUCCCAACCCUCu,|||:|   |||||||,uuaacaUACGAAUAUUGGGAGg,0.5664,0.076,5
MIMAT0000736,hsa-miR-381-3p,ENSG00000247556,OIP5-AS1,lncRNA,chr15,41288769,41288792,+,0,0,NA,7mer-m8,ugucUCUCGAAC--GGGAACAUAu,| :| |||   ||||||||,cuucAAGGAUUGAAACCUUGUAUg,0.7794,0.376,4
MIMAT0004807,hsa-miR-624-3p,ENSG00000247556,OIP5-AS1,lncRNA,chr15,41288770,41288790,+,0,0,NA,8mer,uccaUUAUGGUUAUGGAACAc,|: |:::| |||||||,uucaAGGAUUGAAACCUUGUa,0.8571,0.404,3
MIMAT0004903,hsa-miR-300,ENSG00000247556,OIP5-AS1,lncRNA,chr15,41288771,41288792,+,0,0,NA,7mer-m8,ucUCUCUCAGACGGGAACAUAu,| :|| |    ||||||||,ucAAGGAUUGAAACCUUGUAUg,0.837,0.327,0
MIMAT0002833,hsa-miR-520a-5p,ENSG00000247556,OIP5-AS1,lncRNA,chr15,41288787,41288812,+,2,0,AGO1-4,8mer,ucuUUCAUGAAGG-----GAGACCUc,| | ||| | ||     |||||||,uguAUGUAGUCCCAGCUACUCUGGAa,0.9105,-0.056,5
MIMAT0002838,hsa-miR-525-5p,ENSG00000247556,OIP5-AS1,lncRNA,chr15,41288790,41288812,+,2,0,AGO1-4,8mer,ucuuUCA-CGUAGG-GAGACCUc,|   |||  || |: |||||||,auguAGUCCCAGCUACUCUGGAa,1.094,-0.066,3
MIMAT0002877,hsa-miR-513a-5p,ENSG00000247556,OIP5-AS1,lncRNA,chr15,41288861,41288878,+,0,0,NA,8mer,uacuguggAGGGACACUu,| |||||||,gcugauugUGCCUGUGAa,-0.017,-0.116,4
MIMAT0019853,hsa-miR-4731-5p,ENSG00000247556,OIP5-AS1,lncRNA,chr15,41288876,41288897,+,0,0,NA,7mer-m8,gugugaguacACCGGGGGUCGu,|    |   ||  |||||||,gaauagccacUGCACCCCAGCu,0.4789,0.078,2
MIMAT0000256,hsa-miR-181a-5p,ENSG00000247556,OIP5-AS1,lncRNA,chr15,41289042,41289067,+,0,0,NA,8mer,ugAGUGGC-UGUCG-CA-ACUUACAa,| :::| ||||| || |||||||,gaUGGUUGCACAGCAGUAUGAAUGUa,1.5359,0.342,8
MIMAT0000257,hsa-miR-181b-5p,ENSG00000247556,OIP5-AS1,lncRNA,chr15,41289043,41289067,+,0,0,NA,8mer,uggguggcUGUCGU--UACUUACAa,|       ||||||  ||||||||,augguugcACAGCAGUAUGAAUGUa,1.0081,0.355,8
MIMAT0002821,hsa-miR-181d-5p,ENSG00000247556,OIP5-AS1,lncRNA,chr15,41289043,41289067,+,0,0,NA,8mer,uggguggcUGUUGU--UACUUACAa,|       |||:||  ||||||||,augguugcACAGCAGUAUGAAUGUa,0.6801,0.355,2
MIMAT0000258,hsa-miR-181c-5p,ENSG00000247556,OIP5-AS1,lncRNA,chr15,41289047,41289067,+,0,0,NA,8mer,ugaGUGGCUGUCCAACUUACAa,||| | |||  |||||||,uugCACAG-CAGUAUGAAUGUa,1.1109,0.332,3
MIMAT0016894,hsa-miR-4262,ENSG00000247556,OIP5-AS1,lncRNA,chr15,41289051,41289067,+,0,0,NA,8mer,gucCAUCAGACUUACAg,| ||| |||||||,acaGCAGUAUGAAUGUa,1.1263,0.36,0
MIMAT0000232,hsa-miR-199a-3p,ENSG00000247556,OIP5-AS1,lncRNA,chr15,41289057,41289081,+,0,0,NA,8mer,auUGGUUACACG---UCUGAUGACa,|: ||||| |   | |||||||,guAUGAAUGUACUUAAUACUACUGa,1.139,0.398,6
MIMAT0004563,hsa-miR-199b-3p,ENSG00000247556,OIP5-AS1,lncRNA,chr15,41289057,41289081,+,0,0,NA,8mer,auUGGUUACACG---UCUGAUGACa,|: ||||| |   | |||||||,guAUGAAUGUACUUAAUACUACUGa,1.139,0.398,6
MIMAT0014992,hsa-miR-3129-5p,ENSG00000247556,OIP5-AS1,lncRNA,chr15,41289057,41289081,+,0,0,NA,8mer,uuUGGUUA---GAGAUGUGAUGACg,|: |||   ||: |:|||||||,guAUGAAUGUACUUAAUACUACUGa,1.0188,0.398,6
MIMAT0015037,hsa-miR-3163,ENSG00000247556,OIP5-AS1,lncRNA,chr15,41289097,41289119,+,0,0,NA,7mer-m8,cagAAUGACGGGA-GUAAAAUAu,|  ||| | :  |  |||||||,gggUUAAUAUGGUGAAUUUUAUg,0.9302,0.527,2
MIMAT0015037,hsa-miR-3163,ENSG00000247556,OIP5-AS1,lncRNA,chr15,41289112,41289130,+,0,0,NA,7mer-m8,caGAAUGACGGGAGUAAAAUAu,|:||| ||  : :|||||||,auUUUA-UG--UGUAUUUUAUc,1.1042,0.433,2
MIMAT0027668,hsa-miR-6884-5p,ENSG00000247556,OIP5-AS1,lncRNA,chr15,41290355,41290378,+,0,0,NA,7mer-m8,guugUA-GU-GGAAGAGUCGGAGa,|| || ||  |||||||||,ggugAUCCACCCCCCUCAGCCUCc,0.97,0.154,1
MIMAT0002175,hsa-miR-485-5p,ENSG00000247556,OIP5-AS1,lncRNA,chr15,41290357,41290378,+,0,0,NA,7mer-m8,cuUAAGUAGUGCCGGUCGGAGa,|| || | |  :|||||||,ugAUCCACCCCCCUCAGCCUCc,1.011,0.146,3
MIMAT0000274,hsa-miR-217,ENSG00000247556,OIP5-AS1,lncRNA,chr15,41296804,41296826,+,0,0,NA,7mer-m8,agguuagucaaggaCUACGUCAu,||      ||||||||,gaggugcaagcgaaGAUGCAGUg,0.1303,-0.223,6
MIMAT0027515,hsa-miR-6807-3p,ENSG00000247556,OIP5-AS1,lncRNA,chr15,41296804,41296826,+,0,0,NA,7mer-m8,gaCCCGGUUCGUCCUUACGUCAc,||  |||||:  :|||||||,gaGGUGCAAGCGAAGAUGCAGUg,1.3811,-0.223,6
MIMAT0000081,hsa-miR-25-3p,ENSG00000247556,OIP5-AS1,lncRNA,chr15,41296878,41296902,+,0,0,NA,7mer-m8,agUCUGGCUC-UGU--UCACGUUAc,|| :|:||| :||  :|||||||,ccAAGCUGAGUGCAGUGGUGCAAUc,1.4068,-0.239,7
MIMAT0000090,hsa-miR-32-5p,ENSG00000247556,OIP5-AS1,lncRNA,chr15,41296878,41296902,+,0,0,NA,7mer-m8,acgUUGAAUCA--UUA-CACGUUAu,|:|| |||  |:| |||||||,ccaAGCUGAGUGCAGUGGUGCAAUc,1.0976,-0.239,7
MIMAT0000092,hsa-miR-92a-3p,ENSG00000247556,OIP5-AS1,lncRNA,chr15,41296878,41296902,+,0,0,NA,7mer-m8,ugUCCGGC-CCUGU--UCACGUUAu,|| ||:| | :||  :|||||||,ccAAGCUGAGUGCAGUGGUGCAAUc,1.2493,-0.239,5
MIMAT0000707,hsa-miR-363-3p,ENSG00000247556,OIP5-AS1,lncRNA,chr15,41296878,41296902,+,0,0,NA,7mer-m8,augUCUACCUAUG---GCACGUUAa,|| || :|:|    |||||||,ccaAGCUGAGUGCAGUGGUGCAAUc,0.7959,-0.239,5
MIMAT0003218,hsa-miR-92b-3p,ENSG00000247556,OIP5-AS1,lncRNA,chr15,41296878,41296902,+,0,0,NA,7mer-m8,ccUCCGGC-CCUG-C-UCACGUUAu,| ||:| | :| | :|||||||,ccAAGCUGAGUGCAGUGGUGCAAUc,1.0188,-0.239,4
MIMAT0000719,hsa-miR-367-3p,ENSG00000247556,OIP5-AS1,lncRNA,chr15,41296881,41296902,+,0,0,NA,7mer-m8,aguggUAACGAUUUCACGUUAa,| ||| : :|||||||,agcugAGUGCAGUGGUGCAAUc,0.7232,-0.243,1
MIMAT0027668,hsa-miR-6884-5p,ENSG00000247556,OIP5-AS1,lncRNA,chr15,41296936,41296959,+,0,0,NA,7mer-m8,guugUA-GUGGAAG-AGUCGGAGa,|| | ||| | ||||||||,agcgAUCCUCCUGCUUCAGCCUCc,0.9988,-0.252,1
MIMAT0002175,hsa-miR-485-5p,ENSG00000247556,OIP5-AS1,lncRNA,chr15,41296937,41296959,+,0,0,NA,7mer-m8,cuuaAGUAGUGC-CGGUCGGAGa,|   || || :|  :|||||||,gcgaUCCUCCUGCUUCAGCCUCc,0.9778,-0.281,3
MIMAT0004956,hsa-miR-374b-3p,ENSG00000247556,OIP5-AS1,lncRNA,chr15,41296985,41297006,+,0,0,NA,7mer-m8,uuacuauuaUGUUGGACGAUUc,|  ||: ||||||||,ggcaccaccACGCCCUGCUAAu,0.481,-0.434,5
MIMAT0027668,hsa-miR-6884-5p,ENSG00000247556,OIP5-AS1,lncRNA,chr15,41297072,41297095,+,0,0,NA,7mer-m8,guugUAGUGGAA--GAGUCGGAGa,||| || |  |||||||||,agggAUCCCCCUGCCUCAGCCUCc,0.9988,0.073,1
MIMAT0002175,hsa-miR-485-5p,ENSG00000247556,OIP5-AS1,lncRNA,chr15,41297073,41297095,+,0,0,NA,7mer-m8,cuuaAGUAGUGCCG-GUCGGAGa,|   ||  | :| | |||||||,gggaUCCCCCUGCCUCAGCCUCc,0.8304,0.105,3
MIMAT0000451,hsa-miR-150-5p,ENSG00000247556,OIP5-AS1,lncRNA,chr15,41297187,41297208,+,0,0,NA,7mer-m8,gugaccauguucccAACCCUCu,|    |||||||,guaaucccaauacuUUGGGAGg,-0.2866,0.119,5
MIMAT0005877,hsa-miR-1286,ENSG00000247556,OIP5-AS1,lncRNA,chr15,41298058,41298078,+,1,0,AGO2,7mer-m8,ucccgaguagaACCAGGACGu,| |||||||,ccuagagugggUAGUCCUGCu,-0.4659,0.44,0
MIMAT0026606,hsa-miR-511-3p,ENSG00000247556,OIP5-AS1,lncRNA,chr15,41298117,41298135,+,15,0,"AGO1,AGO1-4,AGO2",7mer-m8,agacaGAAAACGAUGUGUAa,| |  ||| | ||||||||,uaucaCUUCU-CUACACAUu,1.2439,0.651,11
MIMAT0013516,hsa-miR-2681-3p,ENSG00000247556,OIP5-AS1,lncRNA,chr15,41298126,41298147,+,14,0,"AGO1,AGO1-4,AGO2",7mer-m8,cacgaaaUGGUUGAGGUACUAu,|::| |||||||||,ucuacacAUUACCUCCAUGAUu,0.4971,0.719,1
MIMAT0003328,hsa-miR-653-5p,ENSG00000247556,OIP5-AS1,lncRNA,chr15,41298178,41298198,+,1,0,AGO2,7mer-m8,gucaucucuaacaAAGUUGUg,|||||||,ucugccucucaaaUUCAACAc,-0.6667,0.596,10
MIMAT0004926,hsa-miR-708-5p,ENSG00000247556,OIP5-AS1,lncRNA,chr15,41298189,41298211,+,1,0,AGO2,8mer,gggucgaucuaacaUUCGAGGAa,:|||||||,aauucaacacagagGAGCUCCUa,-0.6957,0.532,11
MIMAT0015007,hsa-miR-3139,ENSG00000247556,OIP5-AS1,lncRNA,chr15,41298190,41298211,+,1,0,AGO2,8mer,uuguccGUAGACAACUCGAGGAu,|     || | |  ||||||||,auucaaCA-CAGAGGAGCUCCUa,0.6281,0.562,2
MIMAT0000085,hsa-miR-28-5p,ENSG00000247556,OIP5-AS1,lncRNA,chr15,41298191,41298211,+,1,0,AGO2,8mer,gaGUUAUCUGACACUCGAGGAa,|||| | |  | ||||||||,uuCAACACAGAG-GAGCUCCUa,1.2672,0.497,6
MIMAT0004956,hsa-miR-374b-3p,ENSG00000247556,OIP5-AS1,lncRNA,chr15,41298213,41298233,+,1,0,AGO2,7mer-m8,uuacuaUUAUGUUGGACGAUUc,||   |:| :| ||||||||,gauuccAGU-UAUCCUGCUAAc,0.9856,0.086,5
MIMAT0005924,hsa-miR-1270,ENSG00000247556,OIP5-AS1,lncRNA,chr15,41298215,41298241,+,1,0,AGO2,7mer-m8,uguGUCGA---GAAGG-UAUAGAGGUc,|||:|   || |: | |||||||,uucCAGUUAUCCUGCUAACAUCUCCAg,0.8557,0.097,3
MIMAT0003165,hsa-miR-545-3p,ENSG00000247556,OIP5-AS1,lncRNA,chr15,41298253,41298276,+,0,0,NA,7mer-m8,cgUGUGU-UAUUUA-CAAACGACu,|| || ||:::|  |||||||,caACUCACAUGGGUCUUUUGCUGu,1.2372,0.216,6
MIMAT0003311,hsa-miR-641,ENSG00000247556,OIP5-AS1,lncRNA,chr15,41298411,41298434,+,0,0,NA,7mer-m8,cuccacugagauaggaUACAGAAa,| |  |  |    |||||||,ucaggguuuaaaaaaaAUGUCUUc,0.3761,0.661,3
MIMAT0017997,hsa-miR-3617-5p,ENSG00000247556,OIP5-AS1,lncRNA,chr15,41298413,41298434,+,0,0,NA,7mer-m8,gggUAGAACGUUGAUACAGAAa,:|:|   ||  |||||||,aggGUUUAAAAAAAAUGUCUUc,0.7062,0.703,3
MIMAT0000252,hsa-miR-7-5p,ENSG00000247556,OIP5-AS1,lncRNA,chr15,41298415,41298436,+,0,0,NA,8mer,uguuGUUUUAGUGAUCAGAAGGu,:||||  | | |||||||,gguuUAAAAAAAAU-GUCUUCCa,0.9014,0.64,20
MIMAT0013516,hsa-miR-2681-3p,ENSG00000247556,OIP5-AS1,lncRNA,chr15,41298435,41298457,+,2,0,AGO2,8mer,caCGAAAUGGUUGA-GGUACUAu,|:|| | | ||| |||||||,caGUUUCAGCCACUACCAUGAUa,1.2594,0.403,1
MIMAT0000275,hsa-miR-218-5p,ENSG00000247556,OIP5-AS1,lncRNA,chr15,41298445,41298464,+,3,0,AGO2,7mer-m8,uguaccaauCUAGUUCGUGUu,|     ||| |||||||,cacuaccauGAU-AAGCACAg,0.5126,0.599,6
MIMAT0002877,hsa-miR-513a-5p,ENSG00000247556,OIP5-AS1,lncRNA,chr15,41298549,41298565,+,1,0,AGO2,7mer-m8,uaCUGUGGAGGGACACUu,||:| :| :|||||||,cuGGC-UCAUCCUGUGAc,1.2682,0.314,4
MIMAT0004785,hsa-miR-545-5p,ENSG00000247556,OIP5-AS1,lncRNA,chr15,41298557,41298578,+,1,0,AGO2,8mer,aguAGAUUAUUUGUAAAUGACu,|| | |:| | | ||||||||,uccUGUGACAUAGAUUUACUGa,1.2649,0.198,8
MIMAT0004984,hsa-miR-941,ENSG00000247556,OIP5-AS1,lncRNA,chr15,41298599,41298622,+,1,0,AGO2,7mer-m8,cguguacacgUGUGU-CGGCCCAc,| |     || :| |||||||,uuaaacaaaaACCUAGGCCGGGUg,0.5231,-0.039,0
MIMAT0003215,hsa-miR-552-3p,ENSG00000247556,OIP5-AS1,lncRNA,chr15,41298618,41298640,+,1,0,AGO2,8mer,aaCAGAUUGGUCA--GUGGACAa,|| |::: : |  |||||||,ggGUGUGGUGGCUCACACCUGUa,0.9315,-0.541,2
MIMAT0002858,hsa-miR-520g-3p,ENSG00000247556,OIP5-AS1,lncRNA,chr15,41298633,41298655,+,1,0,AGO2,7mer-m8,uguGAGAUUUCCCUUCGUGAAACa,|| |||    || |||||||,cacCUGUAAUCCCAA-CACUUUGg,0.819,0.099,5
MIMAT0002867,hsa-miR-520h,ENSG00000247556,OIP5-AS1,lncRNA,chr15,41298635,41298655,+,1,0,AGO2,7mer-m8,ugAGAUUUCCCUUCGUGAAACa,|| |||    || |||||||,ccUGUAAUCCCAA-CACUUUGg,1.0365,0.123,3
MIMAT0000451,hsa-miR-150-5p,ENSG00000247556,OIP5-AS1,lncRNA,chr15,41298638,41298659,+,1,0,AGO2,7mer-m8,gugaccauguucccAACCCUCu,|    |||||||,guaaucccaacacuUUGGGAGg,-0.2866,0.21,5
MIMAT0022695,hsa-miR-212-5p,ENSG00000247556,OIP5-AS1,lncRNA,chr15,41298642,41298666,+,1,0,AGO2,7mer-m8,ucauUCGUCAGAUC--UCGGUUCCa,| || |:|:|  :|||||||,ucccAACACUUUGGGAGGCCAAGGc,0.8123,0.029,4
MIMAT0000451,hsa-miR-150-5p,ENSG00000247556,OIP5-AS1,lncRNA,chr15,41298670,41298691,+,0,0,NA,7mer-m8,gugaccauguucCCAACCCUCu,||      |   |||||||||,caaaucaccugaGGUUGGGAGu,0.5453,0.056,5
MIMAT0004687,hsa-miR-371a-5p,ENSG00000247556,OIP5-AS1,lncRNA,chr15,41298678,41298697,+,0,0,NA,8mer,ucacgggggugUCAAACUCa,||||||||,cugagguugggAGUUUGAGa,-0.3,0.074,1
MIMAT0002824,hsa-miR-498,ENSG00000247556,OIP5-AS1,lncRNA,chr15,41298795,41298817,+,1,0,AGO2,7mer-m8,cuuuuugcgggggACCGAACUUu,|    |     | |||||||,ugaggcaggagaaUUGCUUGAAu,0.1329,-0.178,3
MIMAT0000273,hsa-miR-216a-5p,ENSG00000247556,OIP5-AS1,lncRNA,chr15,41298826,41298850,+,4,0,AGO2,7mer-m8,agugUCAACG---GUCGACUCUAAu,:|||||    | ||||||||,cggaGGUUGCAGUGAACUGAGAUUg,0.9239,-0.246,3
MIMAT0000737,hsa-miR-382-5p,ENSG00000247556,OIP5-AS1,lncRNA,chr15,41298894,41298915,+,1,0,AGO2,7mer-m8,gcuuaggUGGUGCUUGUUGAAg,|  |   |: |  ||||||||,cagaaaaAUAAAAAACAACUUu,0.7473,-0.227,8
MIMAT0007888,hsa-miR-1913,ENSG00000247556,OIP5-AS1,lncRNA,chr15,41298918,41298939,+,1,0,AGO2,8mer,accGUCGUCGCCUCCCCCGUCu,:|| :| |  ||||||||,acaUAGAGGAGUUGGGGGCAGa,0.8946,-0.202,2
MIMAT0000762,hsa-miR-324-3p,ENSG00000247556,OIP5-AS1,lncRNA,chr15,41298920,41298939,+,1,0,AGO2,8mer,ggUCGUCGUGGACCCCGUCa,|| :| ::: |||||||,auAGAGGAGUUGGGGGCAGa,1.078,-0.27,4
MIMAT0000242,hsa-miR-129-5p,ENSG00000247556,OIP5-AS1,lncRNA,chr15,41298980,41299000,+,0,0,NA,7mer-m8,cgUUCGGGUCUGGCGUUUUUc,|||   | :  |||||||,uuAAGAAAAAGAAGCAAAAAu,0.7968,0.895,1
MIMAT0027515,hsa-miR-6807-3p,ENSG00000247556,OIP5-AS1,lncRNA,chr15,41298991,41299013,+,1,0,AGO1-4,7mer-m8,gacccgguucguccuUACGUCAc,|    || |    |||||||,aagcaaaaaucccucAUGCAGUg,0.4464,0.762,6
MIMAT0000274,hsa-miR-217,ENSG00000247556,OIP5-AS1,lncRNA,chr15,41298992,41299013,+,1,0,AGO1-4,7mer-m8,agGUUAGUCAAGGACUACGUCAu,|||  | | ||| |||||||,agCAA-AAAUCCCUCAUGCAGUg,1.1813,0.757,6
MIMAT0000261,hsa-miR-183-5p,ENSG00000247556,OIP5-AS1,lncRNA,chr15,41298997,41299018,+,1,0,AGO1-4,7mer-m8,ucacuuaAGAUGGUCACGGUAu,|      ||   |||||||||,aaaucccUCAUGCAGUGCCAUc,0.5453,0.49,5
MIMAT0000433,hsa-miR-142-5p,ENSG00000247556,OIP5-AS1,lncRNA,chr15,41299007,41299028,+,1,0,AGO1-4,7mer-m8,ucaUCACGAAAGA-UGAAAUAc,| |||||  ||| |||||||,ugcAGUGCCAUCUGACUUUAUg,1.6973,0.222,11
MIMAT0022300,hsa-miR-5590-3p,ENSG00000247556,OIP5-AS1,lncRNA,chr15,41299011,41299028,+,1,0,AGO1-4,7mer-m8,aaCGGUAUGUACUUGAAAUAa,|||||| | || |||||||,guGCCAU-C-UG-ACUUUAUg,1.7377,0.187,2
MIMAT0022717,hsa-miR-873-3p,ENSG00000247556,OIP5-AS1,lncRNA,chr15,41299133,41299154,+,4,0,AGO2,7mer-m8,agggcccuugaguaGUCAGAGg,|             |||||||,uuuauuuuuugaggCAGUCUCu,-0.5455,0.135,6
MIMAT0027345,hsa-miR-6720-5p,ENSG00000247556,OIP5-AS1,lncRNA,chr15,41299152,41299174,+,6,0,AGO2,7mer-m8,gcgccgcgGAUGGUCCCGACCUu,|  :|:||  |||||||,ucucucugUUGCCCAGGCUGGAg,0.5666,-0.371,4
MIMAT0025481,hsa-miR-6512-3p,ENSG00000247556,OIP5-AS1,lncRNA,chr15,41299153,41299174,+,6,0,AGO2,7mer-m8,ggauGGUAAUCUUCCCGACCUu,|   |::||:    |||||||,cucuCUGUUGCCCAGGCUGGAg,0.868,-0.379,1
MIMAT0022717,hsa-miR-873-3p,ENSG00000247556,OIP5-AS1,lncRNA,chr15,41299182,41299205,+,4,0,AGO2,7mer-m8,agggcccuUGAGU-A-GUCAGAGg,|       :|||| | |||||||,ugauuucuGCUCACUGCAGUCUCu,0.6734,-0.158,6
MIMAT0019704,hsa-miR-4644,ENSG00000247556,OIP5-AS1,lncRNA,chr15,41299185,41299208,+,2,0,AGO2,7mer-m8,gaAGAC-AGAGAAAAGAGAGAGGu,||||| || ||    |||||||,uuUCUGCUCACUGCAGUCUCUCCc,1.4531,-0.299,0
MIMAT0000455,hsa-miR-185-5p,ENSG00000247556,OIP5-AS1,lncRNA,chr15,41299188,41299208,+,2,0,AGO2,7mer-m8,aguccuUGACGGAAAGAGAGGu,|||| |  |||||||,cugcucACUG-CAGUCUCUCCc,0.6573,-0.297,13
MIMAT0016858,hsa-miR-4306,ENSG00000247556,OIP5-AS1,lncRNA,chr15,41299193,41299208,+,2,0,AGO2,7mer-m8,auGACGGAAAGAGAGGu,|||| |  |||||||,caCUG-CAGUCUCUCCc,1.429,-0.389,2
MIMAT0027668,hsa-miR-6884-5p,ENSG00000247556,OIP5-AS1,lncRNA,chr15,41299221,41299243,+,0,0,NA,7mer-m8,guuguAGUGGA-AGAGUCGGAGa,|| |||  |||||||||,gcgauUCUCCUGCCUCAGCCUCc,0.8972,-0.388,1
MIMAT0002175,hsa-miR-485-5p,ENSG00000247556,OIP5-AS1,lncRNA,chr15,41299222,41299243,+,0,0,NA,7mer-m8,cuUAAGUAGUGCCG-GUCGGAGa,|||| || :| | |||||||,cgAUUC-UCCUGCCUCAGCCUCc,1.3049,-0.375,3
MIMAT0004987,hsa-miR-944,ENSG00000247556,OIP5-AS1,lncRNA,chr15,41299409,41299432,+,0,0,NA,8mer,gaGUAGGCUA--CAUGUUAUUAAa,| ||  ||  | | |||||||,aaCCUCAAAUAAGAAAAAUAAUUa,0.8182,0.087,3
MIMAT0018183,hsa-miR-3909,ENSG00000247556,OIP5-AS1,lncRNA,chr15,41299510,41299531,+,5,0,"AGO1-4,AGO2",7mer-m8,ucugacguccgggaUCUCCUGu,|  |   |||||||,gcuuccaaaucagcAGAGGACc,0.0049,0.116,2
MIMAT0027605,hsa-miR-6852-3p,ENSG00000247556,OIP5-AS1,lncRNA,chr15,41299515,41299531,+,5,0,"AGO1-4,AGO2",7mer-m8,gacuccUUGUCUCCUGu,|  |  |:||||||||,caaaucAGCAGAGGACc,1.1521,0.091,0
MIMAT0004692,hsa-miR-340-5p,ENSG00000247556,OIP5-AS1,lncRNA,chr15,41299537,41299558,+,2,0,"AGO1-4,AGO2",7mer-m8,uuaGUCAGAGUAACGAAAUAUu,|  :| | |||   |||||||,augUAUUGUCAGGUCUUUAUAu,1.0399,0.148,9
MIMAT0005788,hsa-miR-513b-5p,ENSG00000247556,OIP5-AS1,lncRNA,chr15,41299571,41299591,+,1,1,AGO1-4,7mer-m8,uauUUACUGUGGAGGAACACUu,| | | |:: ||:|||||||,uuuAUUUAUG-CUUCUUGUGAg,1.1097,0.254,3
MIMAT0015050,hsa-miR-323b-3p,ENSG00000247556,OIP5-AS1,lncRNA,chr15,41299622,41299643,+,4,0,"AGO1-4,AGO2",8mer,uucuccagcUGGCACAUAACCc,||       || | |||||||,aaauuaagaACAGAGUAUUGGa,0.5081,0.186,9
MIMAT0000420,hsa-miR-30b-5p,ENSG00000247556,OIP5-AS1,lncRNA,chr15,41299648,41299672,+,16,0,"AGO1-4,AGO2",7mer-m8,ucGACUCACA---UCCUACAAAUGu,||| || |   :| ||||||||,cuCUGUGUUUUCCGGAAUGUUUACu,0.9734,0.301,8
MIMAT0004954,hsa-miR-543,ENSG00000247556,OIP5-AS1,lncRNA,chr15,41299649,41299669,+,15,0,"AGO1-4,AGO2",7mer-m8,uucuuCACGUGGCGCUUACAAa,|| : ||| |||||||,ucuguGUUUUCCG-GAAUGUUu,0.7608,0.383,6
MIMAT0000244,hsa-miR-30c-5p,ENSG00000247556,OIP5-AS1,lncRNA,chr15,41299650,41299672,+,16,0,"AGO1-4,AGO2",7mer-m8,cgacucucacaUCCUACAAAUGu,|  :| ||||||||,cuguguuuuccGGAAUGUUUACu,0.0991,0.323,6
MIMAT0000087,hsa-miR-30a-5p,ENSG00000247556,OIP5-AS1,lncRNA,chr15,41299651,41299672,+,16,0,"AGO1-4,AGO2",7mer-m8,gaaggucAGCUCCUACAAAUGu,|    || :| ||||||||,uguguuuUCCGGAAUGUUUACu,0.7395,0.395,7
MIMAT0000245,hsa-miR-30d-5p,ENSG00000247556,OIP5-AS1,lncRNA,chr15,41299651,41299672,+,16,0,"AGO1-4,AGO2",7mer-m8,gaaggucAGCCCCUACAAAUGu,|    || || ||||||||,uguguuuUCCGGAAUGUUUACu,0.8226,0.395,5
MIMAT0000692,hsa-miR-30e-5p,ENSG00000247556,OIP5-AS1,lncRNA,chr15,41299651,41299672,+,16,0,"AGO1-4,AGO2",7mer-m8,gaaggucAGUUCCUACAAAUGu,|    || :| ||||||||,uguguuuUCCGGAAUGUUUACu,0.7395,0.395,5
MIMAT0005824,hsa-miR-1179,ENSG00000247556,OIP5-AS1,lncRNA,chr15,41299668,41299689,+,15,0,"AGO1-4,AGO2",7mer-m8,ggUUGGU-UACUUUCUUACGAa,| :|| :|  | |||||||,uuACUCAGGUCCAUGAAUGCUg,0.9048,0.018,2
MIMAT0000763,hsa-miR-338-3p,ENSG00000247556,OIP5-AS1,lncRNA,chr15,41299678,41299699,+,14,0,"AGO1-4,AGO2",7mer-m8,guUGUUUUAGUGACUACGACCu,| |::||  |  |||||||||,ccAUGAAUGCUGUGAUGCUGGg,1.2195,0.12,11
MIMAT0000273,hsa-miR-216a-5p,ENSG00000247556,OIP5-AS1,lncRNA,chr15,41299766,41299786,+,0,0,NA,7mer-m8,agugucAACGGUCGACUCUAAu,|| ::|| |||||||,cucuuaUUAUUAG-UGAGAUUg,0.6018,0.128,3
MIMAT0003338,hsa-miR-660-5p,ENSG00000247556,OIP5-AS1,lncRNA,chr15,41299791,41299812,+,2,0,AGO2,8mer,guugaGGCUAUACGUUACCCAu,|| || || |||||||,aucagCCCAUUUGAAAUGGGUa,0.8229,0.031,8
MIMAT0013515,hsa-miR-2681-5p,ENSG00000247556,OIP5-AS1,lncRNA,chr15,41299795,41299816,+,4,0,"AGO1,AGO1-4,AGO2",8mer,ucaGAGGACCUCCACCAUUUUg,| ::|| |   |||||||,gccCAUUUGAAAUGGGUAAAAa,0.7771,0.098,0
MIMAT0019917,hsa-miR-4766-5p,ENSG00000247556,OIP5-AS1,lncRNA,chr15,41299807,41299827,+,4,0,"AGO1,AGO1-4,AGO2",7mer-m8,uugugguugacgaGAAAGUCu,||     |||||||,uggguaaaaaauaCUUUCAGu,0.1903,0.155,1
MIMAT0004987,hsa-miR-944,ENSG00000247556,OIP5-AS1,lncRNA,chr15,41299816,41299837,+,4,0,"AGO1-4,AGO2",8mer,gaguaggcuaCAUGUUAUUAAa,|      ||| |||||||,aauacuuucaGUAAAAUAAUUa,0.4234,0.443,3
MIMAT0000735,hsa-miR-380-3p,ENSG00000247556,OIP5-AS1,lncRNA,chr15,41299821,41299841,+,4,0,"AGO1-4,AGO2",8mer,uucuaCACCUGGUAUAAUGUAu,||  | :| |||||||,uuucaGUAAAAUA-AUUACAUa,0.5014,0.425,9
MIMAT0000727,hsa-miR-374a-5p,ENSG00000247556,OIP5-AS1,lncRNA,chr15,41299826,41299847,+,4,0,"AGO1-4,AGO2",7mer-m8,gugaauaguccaacAUAAUAUu,|| |     |||||||,guaaaauaauuacaUAUUAUAu,0.3385,0.151,5
MIMAT0004955,hsa-miR-374b-5p,ENSG00000247556,OIP5-AS1,lncRNA,chr15,41299826,41299847,+,4,0,"AGO1-4,AGO2",7mer-m8,gugaaucguccaacAUAAUAUa,|  |     |||||||,guaaaauaauuacaUAUUAUAu,0.1456,0.151,6
MIMAT0000077,hsa-miR-22-3p,ENSG00000247556,OIP5-AS1,lncRNA,chr15,41299857,41299877,+,7,0,"AGO1-4,AGO2",8mer,ugucAAGAAGUUGACCGUCGAa,||:||::|  |||||||,uucuUUUUUUGA-GGGCAGCUa,0.9511,0.1,12
MIMAT0002858,hsa-miR-520g-3p,ENSG00000247556,OIP5-AS1,lncRNA,chr15,41299888,41299911,+,3,0,"AGO1-4,AGO2",7mer-m8,ugugagAUUUCCCUUCGUGAAACa,| |   ||:  | || |||||||,aaagcaUAGUAGAAAUCACUUUGg,0.9207,0.202,5
MIMAT0002867,hsa-miR-520h,ENSG00000247556,OIP5-AS1,lncRNA,chr15,41299890,41299911,+,2,0,"AGO1-4,AGO2",7mer-m8,ugagAUUUCCCUUCGUGAAACa,|   ||:  | || |||||||,agcaUAGUAGAAAUCACUUUGg,0.9589,0.136,3
MIMAT0026615,hsa-miR-552-5p,ENSG00000247556,OIP5-AS1,lncRNA,chr15,41299897,41299917,+,1,0,AGO2,8mer,gguuguccguuuuCCAAUUUg,| |       |||||||,uagaaaucacuuuGGUUAAAa,0.1359,0.393,6
MIMAT0000448,hsa-miR-136-5p,ENSG00000247556,OIP5-AS1,lncRNA,chr15,41299980,41300003,+,1,0,AGO2,7mer-m8,agguaguAGUUUUGU-UUACCUCa,|  ||||:||| |||||||,gaacuguUCAAGACAGAAUGGAGc,1.2185,0.324,10
MIMAT0000448,hsa-miR-136-5p,ENSG00000247556,OIP5-AS1,lncRNA,chr15,41300039,41300060,+,0,0,NA,8mer,agGUAGUAGUUUUGUUUACCUCa,||| |||| :: :|||||||,guCAU-AUCAUGGAGAAUGGAGa,1.4167,0.254,10
MIMAT0019845,hsa-miR-4726-5p,ENSG00000247556,OIP5-AS1,lncRNA,chr15,41300161,41300183,+,1,0,AGO2,8mer,ggUGAGGUCCGAGGAGACCGGGa,|||:|  |  |  |||||||||,ccAUUGAAACCAGCUCUGGCCCa,1.1941,0.347,2
MIMAT0019699,hsa-miR-4640-5p,ENSG00000247556,OIP5-AS1,lncRNA,chr15,41300166,41300183,+,1,0,AGO2,8mer,gggUGGUCGACGAGGGACCGGGu,|||||||     |||||||,gaaACCAGCU-----CUGGCCCa,1.2091,0.316,4
MIMAT0004692,hsa-miR-340-5p,ENSG00000247556,OIP5-AS1,lncRNA,chr15,41300204,41300229,+,1,0,AGO2,7mer-m8,uuAGU--CAGAG-UA-ACGAAAUAUu,| |||  ||||| || |||||||||,acUCAGCGUCUCUAUAUGCUUUAUAu,1.8662,0.333,9
MIMAT0000432,hsa-miR-141-3p,ENSG00000247556,OIP5-AS1,lncRNA,chr15,41300228,41300251,+,2,0,AGO2,7mer-m8,gguagaAAUGGUCU--GUCACAAu,|   ||:  |||  |||||||,auacagUUGAGAGAACCAGUGUUu,0.8248,-0.339,9
MIMAT0000682,hsa-miR-200a-3p,ENSG00000247556,OIP5-AS1,lncRNA,chr15,41300228,41300251,+,2,0,AGO2,7mer-m8,uguagCAAUGGUCU--GUCACAAu,| |  |||:  |||  |||||||,auacaGUUGAGAGAACCAGUGUUu,1.2162,-0.339,4
MIMAT0000765,hsa-miR-335-5p,ENSG00000247556,OIP5-AS1,lncRNA,chr15,41300240,41300262,+,2,0,AGO2,8mer,uguaaaaagcAAUAACGAGAACu,|    |  ||| ||||||||,gaaccaguguUUAAUGCUCUUGa,0.7529,-0.191,6
MIMAT0022724,hsa-miR-1277-5p,ENSG00000247556,OIP5-AS1,lncRNA,chr15,41300293,41300315,+,1,0,AGO2,7mer-m8,uaugcaUGUAUAUAUAUAUAUAAa,||| | ||: |||||||,cauuuaACA-AAAUGGAUAUAUUc,0.6787,0.337,0
MIMAT0000432,hsa-miR-141-3p,ENSG00000247556,OIP5-AS1,lncRNA,chr15,41300315,41300337,+,0,0,NA,7mer-m8,ggUAGAAAU-GGUCUGUCACAAu,||| || || :::  |||||||,ccAGCUGUAGUUGCCCAGUGUUu,1.4134,0.74,9
MIMAT0000420,hsa-miR-30b-5p,ENSG00000247556,OIP5-AS1,lncRNA,chr15,41300317,41300340,+,0,0,NA,7mer-m8,ucGAC-UC-ACAUCCUACAAAUGu,||||| || ||    :|||||||,agCUGUAGUUGCCCAGUGUUUACu,1.5646,0.703,8
MIMAT0000087,hsa-miR-30a-5p,ENSG00000247556,OIP5-AS1,lncRNA,chr15,41300318,41300340,+,0,0,NA,7mer-m8,gaAGGUCAGCUCCU-ACAAAUGu,| :|||:|   | |||||||,gcUGUAGUUGCCCAGUGUUUACu,0.9878,0.702,7
MIMAT0000244,hsa-miR-30c-5p,ENSG00000247556,OIP5-AS1,lncRNA,chr15,41300318,41300340,+,0,0,NA,7mer-m8,cgacucucacauccUACAAAUGu,||||    ||    :|||||||,gcuguaguugcccaGUGUUUACu,0.9989,0.702,6
MIMAT0000245,hsa-miR-30d-5p,ENSG00000247556,OIP5-AS1,lncRNA,chr15,41300318,41300340,+,0,0,NA,7mer-m8,gaAGGUCAGCCCCU-ACAAAUGu,| :|||:|   | |||||||,gcUGUAGUUGCCCAGUGUUUACu,0.9878,0.702,5
MIMAT0000692,hsa-miR-30e-5p,ENSG00000247556,OIP5-AS1,lncRNA,chr15,41300318,41300340,+,0,0,NA,7mer-m8,gaAGGUCAGUUCCU-ACAAAUGu,| :|||::   | |||||||,gcUGUAGUUGCCCAGUGUUUACu,0.9612,0.702,5
MIMAT0000682,hsa-miR-200a-3p,ENSG00000247556,OIP5-AS1,lncRNA,chr15,41300319,41300337,+,0,0,NA,7mer-m8,ugUAGCAAUGGUCUGUCACAAu,:| |||:||   |||||||,cuGUAGUUGCC---CAGUGUUu,1.0321,0.852,4
MIMAT0014983,hsa-miR-3121-3p,ENSG00000247556,OIP5-AS1,lncRNA,chr15,41300352,41300372,+,3,0,AGO2,7mer-m8,acAGGAAACGGAUGAGAUAAAu,|::||| |:|: |||||||,caUUUUUUUCUUG-UCUAUUUu,1.286,-0.063,2
MIMAT0005944,hsa-miR-1252-5p,ENSG00000247556,OIP5-AS1,lncRNA,chr15,41300420,41300442,+,3,0,"AGO1-4,AGO2",7mer-m8,auuuACUUAAGU-UAAAGGAAGa,|  || |  || : |||||||,gauuUGUAGCCAUGCUUCCUUCc,0.9013,0.017,3
MIMAT0000081,hsa-miR-25-3p,ENSG00000247556,OIP5-AS1,lncRNA,chr15,41300490,41300511,+,64,0,"AGO1,AGO1-4,AGO2,AGO3,AGO4",8mer,agUCUGGCUCUGUUCACGUUAc,| | ||||:||:| |||||||,uaAAACCGGGAUAUGUGCAAUa,1.6873,4.289,7
MIMAT0000090,hsa-miR-32-5p,ENSG00000247556,OIP5-AS1,lncRNA,chr15,41300490,41300511,+,64,0,"AGO1,AGO1-4,AGO2,AGO3,AGO4",8mer,acgUUGAAUCAUUACACGUUAu,|  |||  :|  |||||||||,uaaAACCGGGAUAUGUGCAAUa,1.1575,4.289,7
MIMAT0000092,hsa-miR-92a-3p,ENSG00000247556,OIP5-AS1,lncRNA,chr15,41300490,41300511,+,64,0,"AGO1,AGO1-4,AGO2,AGO3,AGO4",8mer,uguccGGCCCUGUUCACGUUAu,|  ||||||:| |||||||,uaaaaCCGGGAUAUGUGCAAUa,1.6289,4.289,5
MIMAT0003218,hsa-miR-92b-3p,ENSG00000247556,OIP5-AS1,lncRNA,chr15,41300490,41300511,+,64,0,"AGO1,AGO1-4,AGO2,AGO3,AGO4",8mer,ccuccGGCCCUGCUCACGUUAu,|  ||||||:  |||||||,uaaaaCCGGGAUAUGUGCAAUa,1.4925,4.289,4
MIMAT0000707,hsa-miR-363-3p,ENSG00000247556,OIP5-AS1,lncRNA,chr15,41300491,41300511,+,64,0,"AGO1,AGO1-4,AGO2,AGO3,AGO4",8mer,augucuaCCUAUGGCACGUUAa,| |   ||||| :|||||||,aaaaccgGGAUA-UGUGCAAUa,1.3008,4.482,5
MIMAT0000719,hsa-miR-367-3p,ENSG00000247556,OIP5-AS1,lncRNA,chr15,41300492,41300511,+,64,0,"AGO1,AGO1-4,AGO2,AGO3,AGO4",8mer,agUGGUAACGAUUUCACGUUAa,|||:  | | | |||||||,aaACCG-GGAU-AUGUGCAAUa,0.949,4.526,1
MIMAT0003311,hsa-miR-641,ENSG00000247556,OIP5-AS1,lncRNA,chr15,41300574,41300597,+,65,0,"AGO1,AGO1-4,AGO2,AGO3",7mer-m8,cuccacugagauaGGAUACAGAAa,|    |   |  || |||||||,aacaacaaaaucaCCAAUGUCUUc,0.4634,6.425,3
MIMAT0000252,hsa-miR-7-5p,ENSG00000247556,OIP5-AS1,lncRNA,chr15,41300575,41300599,+,67,0,"AGO1,AGO1-4,AGO2,AGO3",8mer,ugUUGUUUUAGUGAU--CAGAAGGu,||||||||||||| |  |||||||,acAACAAAAUCACCAAUGUCUUCCa,3.3787,6.409,20
MIMAT0017997,hsa-miR-3617-5p,ENSG00000247556,OIP5-AS1,lncRNA,chr15,41300576,41300597,+,65,0,"AGO1,AGO1-4,AGO2,AGO3",7mer-m8,ggguagaacGUUGAUACAGAAa,|        || | |||||||,caacaaaauCACCAAUGUCUUc,0.251,6.439,3
MIMAT0005795,hsa-miR-1323,ENSG00000247556,OIP5-AS1,lncRNA,chr15,41300602,41300622,+,40,0,"AGO1-4,AGO2",7mer-m8,ucUUUUACGGGGAGUCAAAACu,:|:|||: : | |||||||,uuGAGAUGUGUAU-AGUUUUGu,1.1308,5.192,4
MIMAT0005919,hsa-miR-548o-3p,ENSG00000247556,OIP5-AS1,lncRNA,chr15,41300603,41300622,+,40,0,"AGO1-4,AGO2",7mer-m8,cgUUUUCAUUGACGUCAAAACc,|:| ||:  | :|||||||,ugAGAUGUG--UAUAGUUUUGu,0.8903,5.332,2
MIMAT0000646,hsa-miR-155-5p,ENSG00000247556,OIP5-AS1,lncRNA,chr15,41300609,41300631,+,35,0,"AGO1-4,AGO2",7mer-m8,uggggAUAGUGCUAAUCGUAAUu,|| : : :| |||||||,guguaUAGUUUUGUAAGCAUUAg,0.5411,5.241,8
MIMAT0000261,hsa-miR-183-5p,ENSG00000247556,OIP5-AS1,lncRNA,chr15,41300638,41300658,+,11,0,"AGO1-4,AGO2",7mer-m8,ucaCUUAAGAUGGUCACGGUAu,| || :|: :||||||||,guaGCAUAUUG-UAGUGCCAUg,0.9401,4.309,5
MIMAT0002171,hsa-miR-410-3p,ENSG00000247556,OIP5-AS1,lncRNA,chr15,41300765,41300785,+,1,0,AGO2,7mer-m8,uguCCGGUAGACACAAUAUAa,|  | |:|  | ||||||||,aauGUCUAAAUCUGUUAUAUu,1.0082,1.173,5
MIMAT0016895,hsa-miR-2355-5p,ENSG00000247556,OIP5-AS1,lncRNA,chr15,41300777,41300797,+,0,0,NA,8mer,aacAGGUAACAUAGACCCCUa,|  | :||| |  |||||||,uguUAUAUUCUUCCUGGGGAa,1.1371,1.615,13
MIMAT0000510,hsa-miR-320a,ENSG00000247556,OIP5-AS1,lncRNA,chr15,41300863,41300884,+,1,0,AGO2,7mer-m8,agcgggagaGUUGGGUCGAAAa,|| ::|||||||,auuugaggaCAUUUCAGCUUUc,0.0692,0.745,11
MIMAT0005792,hsa-miR-320b,ENSG00000247556,OIP5-AS1,lncRNA,chr15,41300863,41300884,+,1,0,AGO2,7mer-m8,aacgggagaGUUGGGUCGAAAa,|       || ::|||||||,auuugaggaCAUUUCAGCUUUc,0.3796,0.745,7
MIMAT0005793,hsa-miR-320c,ENSG00000247556,OIP5-AS1,lncRNA,chr15,41300865,41300884,+,1,0,AGO2,7mer-m8,ugggagaGUUGGGUCGAAAa,|| ::|||||||,uugaggaCAUUUCAGCUUUc,0.3675,0.787,6
MIMAT0018944,hsa-miR-4429,ENSG00000247556,OIP5-AS1,lncRNA,chr15,41300865,41300884,+,1,0,AGO2,7mer-m8,gcggagaGUCGGGUCGAAAa,|| ::|||||||,uugaggaCAUUUCAGCUUUc,0.3675,0.787,0
MIMAT0006764,hsa-miR-320d,ENSG00000247556,OIP5-AS1,lncRNA,chr15,41300866,41300884,+,1,0,AGO2,7mer-m8,aggagaGUUGGGUCGAAAa,|     || ::|||||||,ugaggaCAUUUCAGCUUUc,0.7603,0.791,5
MIMAT0000751,hsa-miR-330-3p,ENSG00000247556,OIP5-AS1,lncRNA,chr15,41300946,41300968,+,2,0,AGO2,7mer-m8,agagacguccggcACACGAAACg,|  |     | |||||||,cgcauuuaauuauUCUGCUUUGc,0.1329,0.499,3
MIMAT0005930,hsa-miR-1276,ENSG00000247556,OIP5-AS1,lncRNA,chr15,41300955,41300974,+,3,0,AGO2,7mer-m8,acaGAGGUGUCCCGAGAAAu,|  :||::|   |||||||,uuaUUCUGCUUUGCUCUUUu,1.0914,0.481,3
MIMAT0003389,hsa-miR-542-3p,ENSG00000247556,OIP5-AS1,lncRNA,chr15,41300992,41301012,+,3,0,AGO2,7mer-m8,aaagUCAAUAGUUAGACAGUGu,|  |||| ||| ||||||||,auagAGUU-UCACUCUGUCACc,1.5078,0.207,10
MIMAT0025481,hsa-miR-6512-3p,ENSG00000247556,OIP5-AS1,lncRNA,chr15,41301001,41301022,+,4,0,"AGO1-4,AGO2",7mer-m8,ggauGGUAAUCUUCCCGACCUu,|   |::| |    |||||||,cacuCUGUCACCCAGGCUGGAg,0.7395,0.137,1
MIMAT0027345,hsa-miR-6720-5p,ENSG00000247556,OIP5-AS1,lncRNA,chr15,41301001,41301022,+,4,0,"AGO1-4,AGO2",7mer-m8,gcgccGCGGAUGGUCCCGACCUu,| |  :|:| |||  |||||||,cacucUGUC-ACCCAGGCUGGAg,1.1251,0.137,4
MIMAT0019953,hsa-miR-2467-3p,ENSG00000247556,OIP5-AS1,lncRNA,chr15,41301035,41301059,+,3,0,"AGO1-4,AGO2",7mer-m8,ggacucgGAGAGAC---GGAGACGa,||| |||   |||||||,aucuuugCUCACUGUAACCUCUGCc,0.5049,-0.043,2
MIMAT0027668,hsa-miR-6884-5p,ENSG00000247556,OIP5-AS1,lncRNA,chr15,41301071,41301094,+,1,0,AGO2,7mer-m8,guugUAGUGGAA--GAGUCGGAGa,||: :| |  | |||||||,agugAUUCUCGUGCCCCAGCCUCc,0.6297,0.09,1
MIMAT0019853,hsa-miR-4731-5p,ENSG00000247556,OIP5-AS1,lncRNA,chr15,41301072,41301091,+,1,0,AGO2,7mer-m8,gugUGAGUACACCGGGGGUCGu,|:||  |||  |||||||,gugAUUCUCGUG--CCCCAGCc,0.9346,0.104,2
MIMAT0002175,hsa-miR-485-5p,ENSG00000247556,OIP5-AS1,lncRNA,chr15,41301073,41301094,+,1,0,AGO2,7mer-m8,cuUAAGUAGUGC-CGGUCGGAGa,|||| ||::|  ||||||||,ugAUUC-UCGUGCCCCAGCCUCc,1.4146,0.144,3
MIMAT0003165,hsa-miR-545-3p,ENSG00000247556,OIP5-AS1,lncRNA,chr15,41301152,41301172,+,1,0,AGO1-4,7mer-m8,cgUGUGUUAUUUACAAACGACu,| | | |  :::| |||||||,guAGAGACGGGGU-UUUGCUGu,0.9878,-0.132,6
MIMAT0011778,hsa-miR-2278,ENSG00000247556,OIP5-AS1,lncRNA,chr15,41301203,41301228,+,4,0,"AGO1-4,AGO2",7mer-m8,ggUCCGUUGUGUG----UGACGAGAg,|| |:||: |||     |||||||,ucAAGUAAUCCACCUGGCCUGCUCUu,1.1341,0.15,2
MIMAT0005930,hsa-miR-1276,ENSG00000247556,OIP5-AS1,lncRNA,chr15,41301207,41301230,+,5,0,"AGO1,AGO1-4,AGO2",7mer-m8,acagAGGU-GUCC---CGAGAAAu,|||| | ||   |||||||,guaaUCCACCUGGCCUGCUCUUUu,0.9487,-0.023,3
MIMAT0003311,hsa-miR-641,ENSG00000247556,OIP5-AS1,lncRNA,chr15,41301217,41301239,+,4,0,"AGO1,AGO2",8mer,cuccacUGAGAUAGGAUACAGAAa,|   :|||| |:| |||||||,uggccuGCUCUUUUC-AUGUCUUa,1.0722,-0.208,3
MIMAT0017997,hsa-miR-3617-5p,ENSG00000247556,OIP5-AS1,lncRNA,chr15,41301231,41301254,+,1,0,AGO2,7mer-m8,ggGUAGAA-CGU-UGAUACAGAAa,| ::||||  || :  |||||||,caUGUCUUAACAUGGCAUGUCUUu,1.3425,0.243,3
MIMAT0004903,hsa-miR-300,ENSG00000247556,OIP5-AS1,lncRNA,chr15,41301262,41301284,+,1,0,AGO2,7mer-m8,ucucucucaGACG-GGAACAUAu,|        || | ||||||||,auuauuuucCUACUCCUUGUAUg,0.2965,0.274,0
MIMAT0000736,hsa-miR-381-3p,ENSG00000247556,OIP5-AS1,lncRNA,chr15,41301263,41301284,+,1,0,AGO2,7mer-m8,ugucucucGAACGGGAACAUAu,|     ||  :||||||||,uuauuuucCUACUCCUUGUAUg,0.5469,0.281,4
MIMAT0000735,hsa-miR-380-3p,ENSG00000247556,OIP5-AS1,lncRNA,chr15,41301279,41301299,+,5,0,"AGO1,AGO2",7mer-m8,uucUACACCUGGUAUAAUGUAu,||||  |  | |||||||,uguAUGU-CAAGAAAUUACAUu,0.9424,0.601,9
MIMAT0003311,hsa-miR-641,ENSG00000247556,OIP5-AS1,lncRNA,chr15,41301289,41301311,+,3,0,AGO2,8mer,cuccACUGAGAUAGGAUACAGAAa,||  | || :| | | |||||||,gaaaUUACAUUUUGC-AUGUCUUa,1.0518,0.726,3
MIMAT0017997,hsa-miR-3617-5p,ENSG00000247556,OIP5-AS1,lncRNA,chr15,41301294,41301311,+,3,0,AGO2,8mer,ggGUAGAACGUUGAUACAGAAa,|||:||||    |||||||,uaCAUUUUGC----AUGUCUUa,1.1896,0.688,3
MIMAT0027571,hsa-miR-6835-3p,ENSG00000247556,OIP5-AS1,lncRNA,chr15,41301325,41301346,+,4,0,AGO2,7mer-m8,gacccucuGUCUUUUCACGAAAa,|   |||  :||||||||,aauugcuuCAG-UGAGUGCUUUu,0.6522,0.142,0
MIMAT0002868,hsa-miR-522-3p,ENSG00000247556,OIP5-AS1,lncRNA,chr15,41301342,41301365,+,2,0,AGO2,8mer,uguGAGAUU--UCCCUUGGUAAAa,:|||||   |  :|||||||,cuuUUCUAAUCUGCAGACCAUUUa,1.0814,0.514,6
MIMAT0009198,hsa-miR-224-3p,ENSG00000247556,OIP5-AS1,lncRNA,chr15,41301344,41301365,+,2,0,AGO2,8mer,acaucaguGAUCCCGUGGUAAAa,| |     ||:  | |||||||,uuucuaauCUGCAG-ACCAUUUa,0.5666,0.583,6
MIMAT0021127,hsa-miR-5195-3p,ENSG00000247556,OIP5-AS1,lncRNA,chr15,41301482,41301503,+,1,0,AGO2,8mer,ucGGGGGAGU-CUCUUGACCUa,:|:::||| ||||||||||,gaUCUUUUCAUGAGAACUGGAa,1.525,0.495,0
MIMAT0000437,hsa-miR-145-5p,ENSG00000247556,OIP5-AS1,lncRNA,chr15,41301483,41301503,+,1,0,AGO2,8mer,ucccuAAGGACCCUUUUGACCUg,|    ||| |  ||:|||||||,aucuuUUCAU--GAGAACUGGAa,0.9194,0.509,4
MIMAT0000278,hsa-miR-221-3p,ENSG00000247556,OIP5-AS1,lncRNA,chr15,41301489,41301511,+,3,0,AGO2,7mer-m8,cuuugggUCGUCUGUUACAUCGa,|    | | |: ||||||||,ucaugagAACUGGAAAUGUAGCu,0.6278,0.461,12
MIMAT0000279,hsa-miR-222-3p,ENSG00000247556,OIP5-AS1,lncRNA,chr15,41301491,41301511,+,3,0,AGO2,7mer-m8,ugggucaucggUCUACAUCGa,|          | |||||||,augagaacuggAAAUGUAGCu,-0.2128,0.489,11
MIMAT0004977,hsa-miR-934,ENSG00000247556,OIP5-AS1,lncRNA,chr15,41301526,41301550,+,3,0,AGO2,7mer-m8,ggUCACAGAGG--UCA-UCAUCUGu,:||  || |  ||| |||||||,uaGGUUGCUACGUAGUGAGUAGACu,1.0588,0.277,7
MIMAT0000510,hsa-miR-320a,ENSG00000247556,OIP5-AS1,lncRNA,chr15,41301564,41301584,+,0,0,NA,7mer-m8,agcgggaGAGUUGGGUCGAAAa,||||:  |||||||,aguaagcCUCAG-ACAGCUUUc,0.537,0.43,11
MIMAT0005792,hsa-miR-320b,ENSG00000247556,OIP5-AS1,lncRNA,chr15,41301564,41301584,+,0,0,NA,7mer-m8,aacgggaGAGUUGGGUCGAAAa,||||:  |||||||,aguaagcCUCAG-ACAGCUUUc,0.537,0.43,7
MIMAT0005793,hsa-miR-320c,ENSG00000247556,OIP5-AS1,lncRNA,chr15,41301566,41301584,+,0,0,NA,7mer-m8,ugggaGAGUUGGGUCGAAAa,||||:  |||||||,uaagcCUCAG-ACAGCUUUc,0.8455,0.412,6
MIMAT0018944,hsa-miR-4429,ENSG00000247556,OIP5-AS1,lncRNA,chr15,41301566,41301584,+,0,0,NA,7mer-m8,gcggaGAGUCGGGUCGAAAa,|||||  |||||||,uaagcCUCAG-ACAGCUUUc,1.0191,0.412,0
MIMAT0006764,hsa-miR-320d,ENSG00000247556,OIP5-AS1,lncRNA,chr15,41301567,41301584,+,0,0,NA,7mer-m8,aggaGAGUUGGGUCGAAAa,||||:  |||||||,aagcCUCAG-ACAGCUUUc,1.0077,0.42,5
MIMAT0003242,hsa-miR-577,ENSG00000247556,OIP5-AS1,lncRNA,chr15,41301575,41301595,+,0,0,NA,8mer,guccaugguuauAAAAUAGAu,|          ||||||||,gacagcuuucacUUUUAUCUa,-0.0952,0.384,6
MIMAT0019759,hsa-miR-4676-3p,ENSG00000247556,OIP5-AS1,lncRNA,chr15,41301596,41301620,+,0,0,NA,7mer-m8,uucucGGUCACC---ACUUUGUCAc,|: ||||   | |||||||,cuuuaCUUGUGGAAAUAAAACAGUc,0.619,0.97,1
MIMAT0025858,hsa-miR-892c-3p,ENSG00000247556,OIP5-AS1,lncRNA,chr15,41301597,41301620,+,0,0,NA,7mer-m8,agGUGA--GUCUUUCCUUUGUCAc,| :|||  ::||||  |||||||,uuUACUUGUGGAAAUAAAACAGUc,1.5078,1.008,2
MIMAT0001635,hsa-miR-452-5p,ENSG00000247556,OIP5-AS1,lncRNA,chr15,41301599,41301620,+,0,0,NA,7mer-m8,agucaaaggagacgUUUGUCAa,|   | |       |||||||,uacuuguggaaauaAAACAGUc,0.2206,0.901,8
MIMAT0005789,hsa-miR-513c-5p,ENSG00000247556,OIP5-AS1,lncRNA,chr15,41301670,41301691,+,0,0,NA,8mer,uauuugcUGUGGAGGAACUCUu,| :|: ||||||||,ccucuaaAAGCUGCCUUGAGAa,0.3419,1.221,4
MIMAT0015087,hsa-miR-514b-5p,ENSG00000247556,OIP5-AS1,lncRNA,chr15,41301670,41301691,+,0,0,NA,8mer,uacuaacggagggaGAACUCUu,|     |   |||||||,ccucuaaaagcugcCUUGAGAa,0.0669,1.221,5
MIMAT0000617,hsa-miR-200c-3p,ENSG00000247556,OIP5-AS1,lncRNA,chr15,41301715,41301737,+,3,0,AGO2,8mer,aggUAGUAAUGGGCCGUCAUAAu,||: |||  :  |||||||,gugAUUUUUAAAUUUCAGUAUUa,0.8939,0.853,6
MIMAT0000318,hsa-miR-200b-3p,ENSG00000247556,OIP5-AS1,lncRNA,chr15,41301716,41301737,+,3,0,AGO2,8mer,agUAGUAAUGGUCCGUCAUAAu,| ||: |||     |||||||,ugAUUUUUAAAUUUCAGUAUUa,1.0964,0.851,5
MIMAT0001536,hsa-miR-429,ENSG00000247556,OIP5-AS1,lncRNA,chr15,41301716,41301737,+,3,0,AGO2,8mer,ugccAAAAUGGUCUGUCAUAAu,|||||     |||||||,ugauUUUUAAAUUUCAGUAUUa,0.9372,0.851,7
MIMAT0016847,hsa-miR-378c,ENSG00000247556,OIP5-AS1,lncRNA,chr15,41301726,41301750,+,3,0,AGO2,7mer-m8,ggugagaagacugaggUUCAGGUCa,| | |    :|||||||,auuucaguauuagggaGAGUCCAGc,0.1009,0.517,5
MIMAT0000732,hsa-miR-378a-3p,ENSG00000247556,OIP5-AS1,lncRNA,chr15,41301729,41301750,+,2,0,AGO2,7mer-m8,cggaagacugaggUUCAGGUCa,|  | | |    :|||||||,ucaguauuagggaGAGUCCAGc,0.663,0.525,8
MIMAT0001339,hsa-miR-422a,ENSG00000247556,OIP5-AS1,lncRNA,chr15,41301729,41301750,+,2,0,AGO2,7mer-m8,cggaagacugggaUUCAGGUCa,|  | | |    :|||||||,ucaguauuagggaGAGUCCAGc,0.663,0.525,0
MIMAT0019074,hsa-miR-378i,ENSG00000247556,OIP5-AS1,lncRNA,chr15,41301730,41301750,+,2,0,AGO2,7mer-m8,ggaagacugaggaUCAGGUCa,|  | | |     |||||||,caguauuagggagAGUCCAGc,0.6469,0.55,2
MIMAT0018926,hsa-miR-378d,ENSG00000247556,OIP5-AS1,lncRNA,chr15,41301731,41301750,+,2,0,AGO2,7mer-m8,aaagacugaggUUCAGGUCa,| | |    :|||||||,aguauuagggaGAGUCCAGc,0.6793,0.519,6
MIMAT0018932,hsa-miR-378f,ENSG00000247556,OIP5-AS1,lncRNA,chr15,41301731,41301750,+,2,0,AGO2,7mer-m8,gaagaccgaggUUCAGGUCa,| |      :|||||||,aguauuagggaGAGUCCAGc,0.4293,0.519,1
MIMAT0014999,hsa-miR-378b,ENSG00000247556,OIP5-AS1,lncRNA,chr15,41301732,41301750,+,2,0,AGO2,7mer-m8,aagacggaggUUCAGGUCa,| |      :|||||||,guauuagggaGAGUCCAGc,0.5263,0.436,0
MIMAT0018927,hsa-miR-378e,ENSG00000247556,OIP5-AS1,lncRNA,chr15,41301732,41301750,+,2,0,AGO2,7mer-m8,aggacugaggUUCAGGUCa,| |    :|||||||,guauuagggaGAGUCCAGc,0.5712,0.436,1
MIMAT0018984,hsa-miR-378h,ENSG00000247556,OIP5-AS1,lncRNA,chr15,41301732,41301750,+,2,0,AGO2,7mer-m8,ggUAGACUGUGGUUCAGGUCa,||: |: |  :|||||||,guAUUAGGGA--GAGUCCAGc,0.8769,0.436,0
MIMAT0000102,hsa-miR-105-5p,ENSG00000247556,OIP5-AS1,lncRNA,chr15,41301735,41301756,+,2,0,AGO2,7mer-m8,uggugucCUCAGACUCGUAAACu,|||||  ||||||||,uuagggaGAGUC-CAGCAUUUGc,0.7516,0.428,5
MIMAT0030428,hsa-miR-7853-5p,ENSG00000247556,OIP5-AS1,lncRNA,chr15,41301735,41301756,+,2,0,AGO2,7mer-m8,cuUCAGUCCUA-GACGUAAACu,||  || :| | |||||||,uuAGGGAGAGUCCAGCAUUUGc,0.9918,0.428,0
MIMAT0003165,hsa-miR-545-3p,ENSG00000247556,OIP5-AS1,lncRNA,chr15,41301737,41301759,+,2,0,AGO2,8mer,cgugUGUUA-UUUACAAACGACu,| |:|  |:  |||||||,agggAGAGUCCAGCAUUUGCUGa,0.5843,0.46,6
MIMAT0002176,hsa-miR-485-3p,ENSG00000247556,OIP5-AS1,lncRNA,chr15,41301766,41301787,+,0,0,NA,7mer-m8,ucucuccucucggcACAUACUg,|    |    |||||||,uucuacauaacuaaUGUAUGAu,0.1231,0.478,10
MIMAT0022705,hsa-miR-539-3p,ENSG00000247556,OIP5-AS1,lncRNA,chr15,41301766,41301787,+,0,0,NA,7mer-m8,uuucuuuaacaggaACAUACUa,| ||      |||||||,uucuacauaacuaaUGUAUGAu,0.3037,0.478,7
MIMAT0000727,hsa-miR-374a-5p,ENSG00000247556,OIP5-AS1,lncRNA,chr15,41301788,41301809,+,2,0,"AGO1-4,AGO2",8mer,gugaauaguccaacAUAAUAUu,|  ||       |||||||,agcaaaugcaaaacUAUUAUAa,0.2727,0.544,5
MIMAT0004955,hsa-miR-374b-5p,ENSG00000247556,OIP5-AS1,lncRNA,chr15,41301788,41301809,+,2,0,"AGO1-4,AGO2",8mer,gugaaucguccaacAUAAUAUa,|  |        |||||||,agcaaaugcaaaacUAUUAUAa,0.0078,0.544,6
MIMAT0006790,hsa-miR-675-3p,ENSG00000247556,OIP5-AS1,lncRNA,chr15,41301808,41301832,+,2,0,"AGO1-4,AGO2",7mer-m8,acuCGCCAC-U----CCCGUAUGUc,|:|||| |    | |||||||,aauGUGGUGUAUCUUGCGCAUACAc,0.7427,-0.065,7
MIMAT0004977,hsa-miR-934,ENSG00000247556,OIP5-AS1,lncRNA,chr15,41301831,41301851,+,1,0,AGO1-4,7mer-m8,ggUCACAGAGGUCAUCAUCUGu,||| ||:   |  |||||||,acAG-GUUAGAACAAGUAGACu,0.9988,0.576,7
MIMAT0005924,hsa-miR-1270,ENSG00000247556,OIP5-AS1,lncRNA,chr15,41301843,41301869,+,0,0,NA,7mer-m8,ugUGUC-GAGA-AG--GUAUAGAGGUc,| ::|| ||||  |  || |||||||,aaGUAGACUCUGGCAGCAGAUCUCCAg,1.3711,0.881,3
MIMAT0004799,hsa-miR-589-5p,ENSG00000247556,OIP5-AS1,lncRNA,chr15,41301865,41301890,+,1,0,AGO2,8mer,gaGUCUC---GUCUGCA-CCAAGAGu,|||||   || :: | |||||||,ucCAGAGACCCAAGUUUAGGUUCUCa,1.1955,0.905,10
MIMAT0004952,hsa-miR-665,ENSG00000247556,OIP5-AS1,lncRNA,chr15,41301901,41301920,+,2,0,AGO2,7mer-m8,uccccggAGUCGGAGGACCa,|   |:|  |||||||,gaaguagUUAUACUCCUGGc,0.5854,0.978,4
MIMAT0000754,hsa-miR-337-3p,ENSG00000247556,OIP5-AS1,lncRNA,chr15,41302017,41302040,+,8,0,"AGO1-4,AGO2",8mer,cuUCUU-UC-CGUAGUAUAUCCUc,|||| ||  || :||||||||,acAGAAUAGCACAAUAUAUAGGAa,1.4334,2.185,7
MIMAT0003339,hsa-miR-421,ENSG00000247556,OIP5-AS1,lncRNA,chr15,41302036,41302058,+,6,0,"AGO1-4,AGO2",8mer,cgcggguuaAUUACAGACAACUa,|      || |  |||||||,aggaaaggaUAUUUCCUGUUGAa,0.3297,1.88,7
MIMAT0000428,hsa-miR-135a-5p,ENSG00000247556,OIP5-AS1,lncRNA,chr15,41302049,41302071,+,2,0,"AGO1-4,AGO2",8mer,aguGUAUCCUUAUUUUUCGGUAu,|| ::| | || ||||||||||,uccUGUUGAAAAAAAAAGCCAUa,1.4379,3.018,5
MIMAT0000758,hsa-miR-135b-5p,ENSG00000247556,OIP5-AS1,lncRNA,chr15,41302049,41302071,+,2,0,"AGO1-4,AGO2",8mer,aguGUAUCCUUACUUUUCGGUAu,|| ::| | ||  |||||||||,uccUGUUGAAAAAAAAAGCCAUa,1.3074,3.018,8
MIMAT0000429,hsa-miR-137,ENSG00000247556,OIP5-AS1,lncRNA,chr15,41302092,41302115,+,6,0,"AGO1-4,AGO2",8mer,gaugcgCAUAAGAAU-UCGUUAUu,| |||:| : |||||||,gagguaGAAUUUUAGUAGCAAUAa,0.6287,2.818,10
MIMAT0015085,hsa-miR-3200-3p,ENSG00000247556,OIP5-AS1,lncRNA,chr15,41302131,41302151,+,7,0,"AGO1-4,AGO2",7mer-m8,gucUGGAC-UCAUCGCGUUCCAc,|::|| | ||  |||||||,guaAUUUGCAUUA--GCAAGGUu,0.9057,1.178,8
MIMAT0014992,hsa-miR-3129-5p,ENSG00000247556,OIP5-AS1,lncRNA,chr15,41302156,41302178,+,5,0,"AGO1-4,AGO2",7mer-m8,uuuggUUAGAGA-UGUGAUGACg,||   |||   | |:|||||||,aauagAAUAAGUGAUACUACUGg,1.0377,1.662,6
MIMAT0000232,hsa-miR-199a-3p,ENSG00000247556,OIP5-AS1,lncRNA,chr15,41302159,41302178,+,5,0,"AGO1-4,AGO2",7mer-m8,auUGGUUACACGUCUGAUGACa,| :|| ||| | |||||||,agAAUAA-GUG-AUACUACUGg,1.123,1.631,6
MIMAT0004563,hsa-miR-199b-3p,ENSG00000247556,OIP5-AS1,lncRNA,chr15,41302159,41302178,+,5,0,"AGO1-4,AGO2",7mer-m8,auUGGUUACACGUCUGAUGACa,| :|| ||| | |||||||,agAAUAA-GUG-AUACUACUGg,1.123,1.631,6
MIMAT0000752,hsa-miR-328-3p,ENSG00000247556,OIP5-AS1,lncRNA,chr15,41302199,41302219,+,5,0,AGO2,7mer-m8,ugcCUUCCCGUCUCUCCCGGUc,||:  ||| | |||||||,caaGAGUUGCACA-AGGGCCAg,0.98,0.809,6
MIMAT0002823,hsa-miR-512-3p,ENSG00000247556,OIP5-AS1,lncRNA,chr15,41302227,41302252,+,2,0,AGO2,7mer-m8,cuGGA-GUCGAUACU---GUCGUGAa,| |:| || |||| |   |||||||,ggCUUACACCUAUAAUCCCAGCACUu,1.3691,0.248,6
MIMAT0000726,hsa-miR-373-3p,ENSG00000247556,OIP5-AS1,lncRNA,chr15,41302230,41302253,+,2,0,AGO2,7mer-m8,ugUG-GGGUUUUAGCUUCGUGAAg,|| ||:| ||||  |||||||,uuACACCUAUAAUCCCAGCACUUu,1.4146,0.224,4
MIMAT0002856,hsa-miR-520d-3p,ENSG00000247556,OIP5-AS1,lncRNA,chr15,41302230,41302253,+,2,0,AGO2,7mer-m8,uggGUGG-U-UUCUCUUCGUGAAa,|||| | ||    |||||||,uuaCACCUAUAAUCCCAGCACUUu,0.9988,0.224,2
MIMAT0000684,hsa-miR-302a-3p,ENSG00000247556,OIP5-AS1,lncRNA,chr15,41302232,41302253,+,2,0,AGO2,7mer-m8,agUGGUUUUGUACCUUCGUGAAu,|||| | | ||   |||||||,acACCUAUA-AUCCCAGCACUUu,1.2227,0.205,4
MIMAT0000717,hsa-miR-302c-3p,ENSG00000247556,OIP5-AS1,lncRNA,chr15,41302232,41302253,+,2,0,AGO2,7mer-m8,ggUGACUUUGUACCUUCGUGAAu,|||  | | ||   |||||||,acACCUAUA-AUCCCAGCACUUu,0.9872,0.205,2
MIMAT0000718,hsa-miR-302d-3p,ENSG00000247556,OIP5-AS1,lncRNA,chr15,41302232,41302253,+,2,0,AGO2,7mer-m8,ugUGAGUUUGUACCUUCGUGAAu,|||| :| | ||   |||||||,acACCUAUA-AUCCCAGCACUUu,1.3096,0.205,1
MIMAT0002834,hsa-miR-520a-3p,ENSG00000247556,OIP5-AS1,lncRNA,chr15,41302232,41302253,+,2,0,AGO2,7mer-m8,ugucagguuucccuUCGUGAAa,|||     ||    |||||||,acaccuauaaucccAGCACUUu,0.7154,0.205,4
MIMAT0002843,hsa-miR-520b,ENSG00000247556,OIP5-AS1,lncRNA,chr15,41302232,41302253,+,2,0,AGO2,7mer-m8,gggaGAU-UUUCCUUCGUGAAa,|  ||| ||    |||||||,acacCUAUAAUCCCAGCACUUu,0.986,0.205,5
MIMAT0000070,hsa-miR-17-5p,ENSG00000247556,OIP5-AS1,lncRNA,chr15,41302232,41302254,+,2,0,AGO2,7mer-m8,gaUGGACGUGACAUUCGUGAAAc,|||| :| |   ||||||||,acACCUAUAAUCCCAGCACUUUg,1.1686,0.188,7
MIMAT0000075,hsa-miR-20a-5p,ENSG00000247556,OIP5-AS1,lncRNA,chr15,41302232,41302254,+,2,0,AGO2,7mer-m8,gaUGGACGUGAUAUUCGUGAAAu,|||| :| |   ||||||||,acACCUAUAAUCCCAGCACUUUg,1.1686,0.188,3
MIMAT0000093,hsa-miR-93-5p,ENSG00000247556,OIP5-AS1,lncRNA,chr15,41302232,41302254,+,2,0,AGO2,7mer-m8,gaUGGACGUGCUUGUCGUGAAAc,|||| :|    |||||||||,acACCUAUAAUCCCAGCACUUUg,1.1686,0.188,7
MIMAT0000103,hsa-miR-106a-5p,ENSG00000247556,OIP5-AS1,lncRNA,chr15,41302232,41302254,+,2,0,AGO2,7mer-m8,gaUGGACGUGACAUUCGUGAAAa,|||| :| |   ||||||||,acACCUAUAAUCCCAGCACUUUg,1.1686,0.188,6
MIMAT0001413,hsa-miR-20b-5p,ENSG00000247556,OIP5-AS1,lncRNA,chr15,41302232,41302254,+,2,0,AGO2,7mer-m8,gaUGGACGUGAUACUCGUGAAAc,|||| :| |   ||||||||,acACCUAUAAUCCCAGCACUUUg,1.1686,0.188,4
MIMAT0002836,hsa-miR-526b-3p,ENSG00000247556,OIP5-AS1,lncRNA,chr15,41302232,41302254,+,2,0,AGO2,7mer-m8,cggaGAU-UUUCCUUCGUGAAAg,|  ||| ||    ||||||||,acacCUAUAAUCCCAGCACUUUg,1.0321,0.188,3
MIMAT0002858,hsa-miR-520g-3p,ENSG00000247556,OIP5-AS1,lncRNA,chr15,41302232,41302255,+,2,0,AGO2,7mer-m8,ugUGAGAU-UUCCCUUCGUGAAACa,|||| ||| ||    |||||||||,acAC-CUAUAAUCCCAGCACUUUGg,1.5172,0.191,5
MIMAT0000715,hsa-miR-302b-3p,ENSG00000247556,OIP5-AS1,lncRNA,chr15,41302233,41302253,+,2,0,AGO2,7mer-m8,gauGAUUUUGUACCUUCGUGAAu,|  ||| |  ||   |||||||,cacCUAUA--AUCCCAGCACUUu,0.9078,0.23,1
MIMAT0000724,hsa-miR-372-3p,ENSG00000247556,OIP5-AS1,lncRNA,chr15,41302233,41302253,+,2,0,AGO2,7mer-m8,ugcGAGUUUACAGCGUCGUGAAa,||  ||  || ||||||||,cacCUAUAA--UCCCAGCACUUu,0.8303,0.23,1
MIMAT0002825,hsa-miR-520e,ENSG00000247556,OIP5-AS1,lncRNA,chr15,41302233,41302253,+,2,0,AGO2,7mer-m8,ggGAGUUUUUCCUUCGUGAAa,| | :| ||    |||||||,caCCUAUAAUCCCAGCACUUu,0.9442,0.23,4
MIMAT0002846,hsa-miR-520c-3p,ENSG00000247556,OIP5-AS1,lncRNA,chr15,41302233,41302253,+,2,0,AGO2,7mer-m8,ugGGAGAUUUUCCUUCGUGAAa,||| | ||    |||||||,caCCUAU-AAUCCCAGCACUUu,0.9412,0.23,5
MIMAT0002867,hsa-miR-520h,ENSG00000247556,OIP5-AS1,lncRNA,chr15,41302233,41302255,+,2,0,AGO2,7mer-m8,ugaGAU-UUCCCUUCGUGAAACa,||| ||    |||||||||,cacCUAUAAUCCCAGCACUUUGg,0.9988,0.214,3
MIMAT0000680,hsa-miR-106b-5p,ENSG00000247556,OIP5-AS1,lncRNA,chr15,41302234,41302254,+,2,0,AGO2,7mer-m8,uaGACGUGACAGUCGUGAAAu,| || :| |  |||||||||,acCUAUAAUCCCAGCACUUUg,1.2299,0.215,11
MIMAT0002853,hsa-miR-519d-3p,ENSG00000247556,OIP5-AS1,lncRNA,chr15,41302234,41302254,+,2,0,AGO2,7mer-m8,guGAGAUUUCCCUCCGUGAAAc,|| |||    | |||||||,acCUAUAAUCCCA-GCACUUUg,0.8437,0.215,4
MIMAT0005931,hsa-miR-302e,ENSG00000247556,OIP5-AS1,lncRNA,chr15,41302237,41302253,+,2,0,AGO2,7mer-m8,uucgUACCUUCGUGAAu,|  ||   |||||||,uauaAUCCCAGCACUUu,0.9067,0.264,0
MIMAT0000451,hsa-miR-150-5p,ENSG00000247556,OIP5-AS1,lncRNA,chr15,41302238,41302259,+,2,0,AGO2,7mer-m8,gugaccauguucccAACCCUCu,|||||||,auaaucccagcacuUUGGGAGg,-0.7727,0.254,5
MIMAT0022695,hsa-miR-212-5p,ENSG00000247556,OIP5-AS1,lncRNA,chr15,41302242,41302266,+,2,0,AGO2,7mer-m8,ucauUCGUCAGAUC--UCGGUUCCa,|||| |:|:|  :|||||||,ucccAGCACUUUGGGAGGCCAAGGu,1.0933,0.222,4
MIMAT0015049,hsa-miR-1193,ENSG00000247556,OIP5-AS1,lncRNA,chr15,41302277,41302302,+,1,0,AGO2,7mer-m8,cgUGCAG-UGGCCAG--AUGGUAGGg,| ||| |  | ||   |||||||,caAGGUCAAGAGAUCAGGACCAUCCu,0.8823,0.235,1
MIMAT0003150,hsa-miR-455-5p,ENSG00000247556,OIP5-AS1,lncRNA,chr15,41302345,41302367,+,0,0,NA,7mer-m8,gcuacAUCAG-GUUUCCGUGUAu,|  |:| | ::: |||||||,uuagcUGGGCAUGGUGGCACAUg,0.8781,0.255,11
MIMAT0002821,hsa-miR-181d-5p,ENSG00000247556,OIP5-AS1,lncRNA,chr15,41302552,41302576,+,3,0,"AGO1-4,AGO2",8mer,ugGGUGGCUGUUGU--UACUUACAa,:| :: | ||||  ||||||||,uuUCUUUUAGAACAGUAUGAAUGUa,1.1866,0.798,2
MIMAT0000256,hsa-miR-181a-5p,ENSG00000247556,OIP5-AS1,lncRNA,chr15,41302555,41302576,+,3,0,"AGO1-4,AGO2",8mer,ugaguggcUGUCGCAACUUACAa,|     ||||:  |||||||,cuuuuagaACAGU-AUGAAUGUa,0.7172,0.785,8
MIMAT0000257,hsa-miR-181b-5p,ENSG00000247556,OIP5-AS1,lncRNA,chr15,41302555,41302576,+,3,0,"AGO1-4,AGO2",8mer,uggguggcUGUCGUUACUUACAa,||||: ||||||||,cuuuuagaACAGU-AUGAAUGUa,0.5212,0.785,8
MIMAT0000258,hsa-miR-181c-5p,ENSG00000247556,OIP5-AS1,lncRNA,chr15,41302555,41302576,+,3,0,"AGO1-4,AGO2",8mer,ugaguggcUGUCCAACUUACAa,|     ||||  |||||||,cuuuuagaACAGUAUGAAUGUa,0.7498,0.785,3
MIMAT0016894,hsa-miR-4262,ENSG00000247556,OIP5-AS1,lncRNA,chr15,41302560,41302576,+,3,0,"AGO1-4,AGO2",8mer,guccaUCAGACUUACAg,||| |||||||,agaacAGUAUGAAUGUa,0.8182,1.126,0
MIMAT0003242,hsa-miR-577,ENSG00000247556,OIP5-AS1,lncRNA,chr15,41302571,41302590,+,3,0,"AGO1-4,AGO2",7mer-m8,gucCAUGGUUAUAAAAUAGAu,| ||| :|  | |||||||,aauGUA-UAUGAAUUUAUCUu,1.0894,0.833,6
MIMAT0026615,hsa-miR-552-5p,ENSG00000247556,OIP5-AS1,lncRNA,chr15,41302610,41302630,+,0,0,NA,7mer-m8,gguUGUCCGUUUUCCAAUUUg,::| |: ||||||||||,uuuGUAAGUUAAAGGUUAAAg,1.0604,0.523,6
MIMAT0003339,hsa-miR-421,ENSG00000247556,OIP5-AS1,lncRNA,chr15,41302650,41302671,+,0,0,NA,8mer,cgcgggUUAAUUACAGACAACUa,|    ::|||: | |||||||,ucagagGGUUAGAG-CUGUUGAa,0.8939,0.883,7
MIMAT0004692,hsa-miR-340-5p,ENSG00000247556,OIP5-AS1,lncRNA,chr15,41302665,41302686,+,0,0,NA,7mer-m8,uuagucagAGUAACGAAAUAUu,|     |:|   |||||||,uguugaaaUUAAACCUUUAUAg,0.3729,0.821,9
MIMAT0000751,hsa-miR-330-3p,ENSG00000247556,OIP5-AS1,lncRNA,chr15,41302781,41302803,+,1,0,AGO2,7mer-m8,agagaCGUCCGGCACACGAAACg,|:|  |: | |||||||,gaaugGUAUACUUUCUGCUUUGu,0.5306,0.124,3
MIMAT0018194,hsa-miR-3150b-3p,ENSG00000247556,OIP5-AS1,lncRNA,chr15,41302788,41302810,+,1,0,AGO2,8mer,ggUUGGAGCUG--CUAGAGGAGu,| ::|| :|   :|||||||,auACUUUCUGCUUUGUCUCCUCa,0.8966,0.255,8
MIMAT0019948,hsa-miR-4784,ENSG00000247556,OIP5-AS1,lncRNA,chr15,41302788,41302810,+,1,0,AGO2,8mer,agUCAGGGUCG---UAGAGGAGu,| |::| ||   :|||||||,auACUUUCUGCUUUGUCUCCUCa,0.9414,0.255,1
MIMAT0000265,hsa-miR-204-5p,ENSG00000247556,OIP5-AS1,lncRNA,chr15,41302832,41302853,+,1,0,AGO2,7mer-m8,uccguauccuacuGUUUCCCUu,|        |  :|||||||,gguacauuuuuuuUAAAGGGAg,0.0315,0.273,3
MIMAT0000268,hsa-miR-211-5p,ENSG00000247556,OIP5-AS1,lncRNA,chr15,41302832,41302853,+,1,0,AGO2,7mer-m8,uccgcuuccuacuGUUUCCCUu,|   |    |  :|||||||,gguacauuuuuuuUAAAGGGAg,0.3958,0.273,4
MIMAT0002816,hsa-miR-494-3p,ENSG00000247556,OIP5-AS1,lncRNA,chr15,41302971,41302994,+,3,0,AGO2,8mer,cuccaaaGGGCAC--AUACAAAGu,|   |  || |||  ||||||||,ggaauagCCAGUGAAUAUGUUUCa,1.0255,0.169,8
MIMAT0004807,hsa-miR-624-3p,ENSG00000247556,OIP5-AS1,lncRNA,chr15,41302997,41303018,+,3,0,AGO2,7mer-m8,ucCAUUAUG-GUUAUGGAACAc,|||:| :: ::| |||||||,ggGUGAGGUGUGAAACCUUGUc,1.3391,-0.802,3
MIMAT0020924,hsa-miR-642a-3p,ENSG00000247556,OIP5-AS1,lncRNA,chr15,41303012,41303034,+,3,0,AGO2,7mer-m8,ccAAGGGA-GAGGUUUACACAGa,|| :||  | :|:|||||||,ccUUGUCUAAUAUAGAUGUGUCc,1.1019,-0.207,4
MIMAT0018444,hsa-miR-642b-3p,ENSG00000247556,OIP5-AS1,lncRNA,chr15,41303013,41303034,+,3,0,AGO2,7mer-m8,cccaGGGAGAGGUUUACACAGa,:|:  | :|:|||||||,cuugUCUAAUAUAGAUGUGUCc,0.7018,-0.153,2
MIMAT0005955,hsa-miR-1197,ENSG00000247556,OIP5-AS1,lncRNA,chr15,41303017,41303036,+,1,0,AGO2,8mer,ucuUCAUCUGGUACACAGGAu,| || |  |||||||||,ucuAAUAUA-GAUGUGUCCUa,0.8896,-0.292,2
MIMAT0002877,hsa-miR-513a-5p,ENSG00000247556,OIP5-AS1,lncRNA,chr15,41303030,41303047,+,0,0,NA,7mer-m8,uacuguggagGGACACUu,|     |||||||,uguccuauggCCUGUGAc,0.3252,0.035,4
MIMAT0026640,hsa-miR-670-3p,ENSG00000247556,OIP5-AS1,lncRNA,chr15,41303085,41303105,+,2,0,"AGO1-4,AGO2",7mer-m8,agGACUUACUUAUACUCCUUu,| ||   | :|| |||||||,uuCUUUCUUGAUCUGAGGAAc,1.0719,0.378,5
MIMAT0000251,hsa-miR-147a,ENSG00000247556,OIP5-AS1,lncRNA,chr15,41303096,41303112,+,2,0,"AGO1-4,AGO2",7mer-m8,cguCUUCGUAAAGGUGUGUg,| ||:| |   |||||||,ucuGAGGAA---CCACACAg,0.8914,0.225,0
MIMAT0000281,hsa-miR-224-5p,ENSG00000247556,OIP5-AS1,lncRNA,chr15,41303131,41303150,+,1,0,AGO1,7mer-m8,uuGCCUUGGUGAUCACUGAAc,| :|||||:|  :|||||||,agUGGAACUA-GGGUGACUUc,1.6555,0.307,13
MIMAT0004763,hsa-miR-488-3p,ENSG00000247556,OIP5-AS1,lncRNA,chr15,41303142,41303162,+,1,0,AGO1-4,7mer-m8,cugguucuuuaucGGAAAGUu,|   |    |   |||||||,ggugacuucacucCCUUUCAc,0.367,0.495,2
MIMAT0000072,hsa-miR-18a-5p,ENSG00000247556,OIP5-AS1,lncRNA,chr15,41303170,41303193,+,2,0,"AGO1,AGO1-4",7mer-m8,gaUAGA--CGUGAUCUACGUGGAAu,||||||  || :|  | |||||||,cuAUCUUGGCCUUUUA-GCACCUUg,1.5761,0.96,16
MIMAT0001412,hsa-miR-18b-5p,ENSG00000247556,OIP5-AS1,lncRNA,chr15,41303171,41303193,+,2,0,"AGO1,AGO1-4",7mer-m8,gauuGACGUGAUCUACGUGGAAu,:||  ||    |||||||,uaucUUGGCCUUUUAGCACCUUg,0.5694,0.972,8
MIMAT0019861,hsa-miR-4735-3p,ENSG00000247556,OIP5-AS1,lncRNA,chr15,41303173,41303193,+,2,0,"AGO1,AGO1-4",7mer-m8,uacagauuAAACUCGUGGAAa,|    ||| ||||||||,ucuuggccUUUUAGCACCUUg,0.7619,1.055,1
MIMAT0019908,hsa-miR-4761-5p,ENSG00000247556,OIP5-AS1,lncRNA,chr15,41303173,41303194,+,3,0,"AGO1,AGO1-4,AGO2",8mer,ccAGUCCGUACGU-GUGGAACa,|::| | | :| |||||||,ucUUGGCCUUUUAGCACCUUGa,1,1.024,0
MIMAT0015007,hsa-miR-3139,ENSG00000247556,OIP5-AS1,lncRNA,chr15,41303316,41303340,+,2,0,AGO2,7mer-m8,uuguccgUAGAC-AA-CUCGAGGAu,|     | :|| ||  |||||||,uauguuaAGUUGAUUAUAGCUCCUc,0.6206,0.564,2
MIMAT0000085,hsa-miR-28-5p,ENSG00000247556,OIP5-AS1,lncRNA,chr15,41303320,41303340,+,2,0,AGO2,7mer-m8,gagUUAUCUGACACUCGAGGAa,| |:| ||:| | |||||||,uuaAGUUGAUUAU-AGCUCCUc,1.174,0.605,6
MIMAT0004926,hsa-miR-708-5p,ENSG00000247556,OIP5-AS1,lncRNA,chr15,41303320,41303340,+,2,0,AGO2,7mer-m8,gggUCGAUCUAACAUUCGAGGAa,||:| |||| | |||||||,uuaAGUU-GAUUAU-AGCUCCUc,1.2163,0.605,11
MIMAT0000429,hsa-miR-137,ENSG00000247556,OIP5-AS1,lncRNA,chr15,41303375,41303397,+,3,0,"AGO1-4,AGO2",7mer-m8,gaUGCGCAUAAGAAUUCGUUAUu,|:| | ||    ||||||||,acAUGGGAAUAACCAAGCAAUAu,0.8876,1.677,10
MIMAT0004814,hsa-miR-654-3p,ENSG00000247556,OIP5-AS1,lncRNA,chr15,41303385,41303406,+,3,0,"AGO1-4,AGO2",7mer-m8,uuccacuaccagucGUCUGUAu,||        |   |||||||,aaccaagcaauauuCAGACAUc,0.1147,1.589,5
MIMAT0016895,hsa-miR-2355-5p,ENSG00000247556,OIP5-AS1,lncRNA,chr15,41303402,41303422,+,1,0,AGO2,7mer-m8,aacAGGUAACAUAGACCCCUa,||::   ||||||||||,acaUCUGCACUAUCUGGGGAc,1.0046,0.742,13
MIMAT0002805,hsa-miR-489-3p,ENSG00000247556,OIP5-AS1,lncRNA,chr15,41303428,41303448,+,1,0,AGO2,7mer-m8,cgacggCAUAUACACUACAGUg,||| |  ||||||||,uacauaGUACA-AUGAUGUCAg,0.5664,0.373,11
MIMAT0004809,hsa-miR-628-5p,ENSG00000247556,OIP5-AS1,lncRNA,chr15,41303428,41303451,+,1,0,AGO2,7mer-m8,ggagAUCAU-UUA-UACAGUCGUa,||||| ||| |||||||||,uacaUAGUACAAUGAUGUCAGCAg,1.5414,0.363,6
MIMAT0000244,hsa-miR-30c-5p,ENSG00000247556,OIP5-AS1,lncRNA,chr15,41303569,41303592,+,1,0,AGO2,7mer-m8,cgACUCUCA-CAUCCUACAAAUGu,| |  || ||   ||||||||,agUUACUGUGGUCUCAUGUUUACu,0.8621,0.993,6
MIMAT0000087,hsa-miR-30a-5p,ENSG00000247556,OIP5-AS1,lncRNA,chr15,41303571,41303592,+,1,0,AGO2,7mer-m8,gaaggucagcuccUACAAAUGu,| |         ||||||||,uuacuguggucucAUGUUUACu,0.0909,0.99,7
MIMAT0000245,hsa-miR-30d-5p,ENSG00000247556,OIP5-AS1,lncRNA,chr15,41303571,41303592,+,1,0,AGO2,7mer-m8,gaaggucagccccUACAAAUGu,| |         ||||||||,uuacuguggucucAUGUUUACu,0.0909,0.99,5
MIMAT0000692,hsa-miR-30e-5p,ENSG00000247556,OIP5-AS1,lncRNA,chr15,41303571,41303592,+,1,0,AGO2,7mer-m8,gaaggucaguuccUACAAAUGu,| |         ||||||||,uuacuguggucucAUGUUUACu,0.0909,0.99,5
MIMAT0000420,hsa-miR-30b-5p,ENSG00000247556,OIP5-AS1,lncRNA,chr15,41303572,41303592,+,1,0,AGO2,7mer-m8,ucGACUCACAUCCUACAAAUGu,||| | ||   ||||||||,uaCUGUG-GUCUCAUGUUUACu,1.0776,1.011,8
MIMAT0000736,hsa-miR-381-3p,ENSG00000247556,OIP5-AS1,lncRNA,chr15,41303582,41303603,+,6,0,AGO2,7mer-m8,ugucucucgaACGGGAACAUAu,||       | ::|||||||,ucauguuuacUCUUCUUGUAUc,0.3796,1.216,4
MIMAT0004903,hsa-miR-300,ENSG00000247556,OIP5-AS1,lncRNA,chr15,41303582,41303603,+,6,0,AGO2,7mer-m8,ucucucucaGACGGGAACAUAu,|      || ::|||||||,ucauguuuaCUCUUCUUGUAUc,0.4356,1.216,0
MIMAT0001532,hsa-miR-448,ENSG00000247556,OIP5-AS1,lncRNA,chr15,41303594,41303615,+,6,0,AGO2,8mer,uacccUGUAGGAUGUAUACGUu,|   ::|||:   |||||||,uucuuGUAUCUGUGAUAUGCAa,0.9346,1.632,2
MIMAT0000242,hsa-miR-129-5p,ENSG00000247556,OIP5-AS1,lncRNA,chr15,41303598,41303619,+,9,0,AGO2,7mer-m8,cguUCGGGUCUG-GCGUUUUUc,| |:  ||: :|||||||,uguAUCUGUGAUAUGCAAAAAg,0.8223,1.691,1
MIMAT0003245,hsa-miR-580-3p,ENSG00000247556,OIP5-AS1,lncRNA,chr15,41303635,41303656,+,13,0,"AGO1-4,AGO2",7mer-m8,ggauUACU-AAGUAGUAAGAGUu,|   | || ||:| ||||||||,cuccAGGAGUUUA-CAUUCUCAu,1.1141,2.055,4
MIMAT0000100,hsa-miR-29b-3p,ENSG00000247556,OIP5-AS1,lncRNA,chr15,41303641,41303663,+,11,0,"AGO1-4,AGO2",7mer-m8,uugugacuaAAGUUUACCACGAu,|   |   |||  ||||||||,gaguuuacaUUCUCAUGGUGCUg,0.7826,2.513,15
MIMAT0000086,hsa-miR-29a-3p,ENSG00000247556,OIP5-AS1,lncRNA,chr15,41303642,41303663,+,10,0,"AGO1-4,AGO2",7mer-m8,auuggcuaAAGUCUACCACGAu,|||  ||||||||,aguuuacaUUCUCAUGGUGCUg,0.3176,2.551,12
MIMAT0000681,hsa-miR-29c-3p,ENSG00000247556,OIP5-AS1,lncRNA,chr15,41303642,41303663,+,10,0,"AGO1-4,AGO2",7mer-m8,auuggcuaAAGUUUACCACGAu,|||  ||||||||,aguuuacaUUCUCAUGGUGCUg,0.3176,2.551,3
MIMAT0019731,hsa-miR-4662a-5p,ENSG00000247556,OIP5-AS1,lncRNA,chr15,41303688,41303712,+,1,0,AGO2,7mer-m8,gauuucUACCUGU---UAACCGAUu,||   ||| |||    |||||||,uuauuaAUGAACAUUGCUUGGCUAu,1.0576,1.198,7
MIMAT0015049,hsa-miR-1193,ENSG00000247556,OIP5-AS1,lncRNA,chr15,41303898,41303918,+,0,0,NA,7mer-m8,cgugcaGUGGCCAGAUGGUAGGg,|   ||:|  |: |||||||,uaagagCAUC--UUAACCAUCCc,0.6713,0.501,1
MIMAT0004926,hsa-miR-708-5p,ENSG00000247556,OIP5-AS1,lncRNA,chr15,41303961,41303983,+,0,0,NA,7mer-m8,gggucgaUCUAACAUUCGAGGAa,| |   | |||   |||||||,acgaagaAAAUUAACAGCUCCUu,0.8324,0.447,11
MIMAT0015007,hsa-miR-3139,ENSG00000247556,OIP5-AS1,lncRNA,chr15,41303961,41303983,+,0,0,NA,7mer-m8,uuguccguagacaacUCGAGGAu,|  | | |  |    |||||||,acgaagaaaauuaacAGCUCCUu,0.6162,0.447,2
MIMAT0000085,hsa-miR-28-5p,ENSG00000247556,OIP5-AS1,lncRNA,chr15,41303962,41303983,+,0,0,NA,7mer-m8,gagUUAUCUGACACUCGAGGAa,|  |: | |:|   |||||||,cgaAGAAAAUUAACAGCUCCUu,0.8903,0.371,6
MIMAT0000280,hsa-miR-223-3p,ENSG00000247556,OIP5-AS1,lncRNA,chr15,41304064,41304084,+,1,0,AGO1-4,7mer-m8,accccauAAACUGUUUGACUGu,|  ||| | ||||||||,auaagccUUUUA-AAACUGACu,0.806,0.577,14
MIMAT0002176,hsa-miR-485-3p,ENSG00000247556,OIP5-AS1,lncRNA,chr15,41304096,41304117,+,3,0,"AGO1-4,AGO2",7mer-m8,ucucuccucucGGCACAUACUg,|  |   ::||||||||,uuuuaacauuuUUGUGUAUGAc,0.52,0.547,10
MIMAT0022705,hsa-miR-539-3p,ENSG00000247556,OIP5-AS1,lncRNA,chr15,41304097,41304117,+,3,0,"AGO1-4,AGO2",7mer-m8,uuucUUUAACAGGAACAUACUa,| ||| |:: |||||||,uuuaACAUU-UUUGUGUAUGAc,0.8891,0.551,7
MIMAT0000429,hsa-miR-137,ENSG00000247556,OIP5-AS1,lncRNA,chr15,41304289,41304311,+,1,0,AGO2,7mer-m8,gaugcgcauaagaaUUCGUUAUu,||    | |     ||||||||,cugauugaaagugcAAGCAAUAg,0.5949,0.985,10
MIMAT0000432,hsa-miR-141-3p,ENSG00000247556,OIP5-AS1,lncRNA,chr15,41304358,41304379,+,0,1,NA,7mer-m8,gguagaaauggucuGUCACAAu,|     |     |||||||,ugacucaaaaugucCAGUGUUg,0.1456,1.873,9
MIMAT0000682,hsa-miR-200a-3p,ENSG00000247556,OIP5-AS1,lncRNA,chr15,41304358,41304379,+,0,1,NA,7mer-m8,uguagcaauggucuGUCACAAu,|     |     |||||||,ugacucaaaaugucCAGUGUUg,0.1456,1.873,4
MIMAT0015037,hsa-miR-3163,ENSG00000247556,OIP5-AS1,lncRNA,chr15,41304380,41304399,+,0,0,NA,8mer,cagAAUGACGGGAGUAAAAUAu,|||||    |:|||||||,uggUUACU--AGUUAUUUUAUa,1.119,1.879,2
MIMAT0001532,hsa-miR-448,ENSG00000247556,OIP5-AS1,lncRNA,chr15,41304385,41304406,+,1,0,AGO2,7mer-m8,uaccCUGUAGGAUGUAUACGUu,|   | :||::||:|||||||,acuaGUUAUUUUAUAUAUGCAu,1.1752,2.331,2
MIMAT0000102,hsa-miR-105-5p,ENSG00000247556,OIP5-AS1,lncRNA,chr15,41304388,41304410,+,1,0,AGO2,7mer-m8,ugguguccucAGACUCGUAAACu,|         | |  |||||||,aguuauuuuaUAUAUGCAUUUGu,-0.0568,2.577,5
MIMAT0030428,hsa-miR-7853-5p,ENSG00000247556,OIP5-AS1,lncRNA,chr15,41304390,41304410,+,1,0,AGO2,7mer-m8,cuucaguccUAGACGUAAACu,| |    || ||||||||,uuauuuuauAUAUGCAUUUGu,0.727,2.407,0
MIMAT0000444,hsa-miR-126-5p,ENSG00000247556,OIP5-AS1,lncRNA,chr15,41304398,41304418,+,1,0,AGO2,7mer-m8,gcgcaugguuuucAUUAUUAc,| |      |||||||,uauaugcauuuguUAAUAAUg,0.1835,2.448,7
MIMAT0000429,hsa-miR-137,ENSG00000247556,OIP5-AS1,lncRNA,chr15,41304405,41304427,+,1,1,AGO2,7mer-m8,gauGCGCAUAAGAAUUCGUUAUu,| :|:  ||  | ||||||||,auuUGUUAAUAAUGAAGCAAUAg,0.9565,3.152,10
MIMAT0002824,hsa-miR-498,ENSG00000247556,OIP5-AS1,lncRNA,chr15,41304428,41304450,+,1,0,AGO2,7mer-m8,cuuuuUGCGGGGGACCGAACUUu,|  | | ||  | |||||||,agacuAAGACCAAUAGCUUGAAu,0.7646,2.165,3
MIMAT0022724,hsa-miR-1277-5p,ENSG00000247556,OIP5-AS1,lncRNA,chr15,41304434,41304456,+,1,0,AGO2,7mer-m8,uaUGCAUGUAUAUAUAUAUAUAAa,| ||  |:|  | |: |||||||,agACCAAUAGCU-UGAAUAUAUUc,0.9583,2.319,0
MIMAT0003330,hsa-miR-654-5p,ENSG00000247556,OIP5-AS1,lncRNA,chr15,41304559,41304580,+,3,0,"AGO1-4,AGO2",7mer-m8,cguguacaagacgcCGGGUGGu,||      |||||||,uagggcguagcaguGCCCACCc,0.0453,1.26,2
MIMAT0004920,hsa-miR-541-3p,ENSG00000247556,OIP5-AS1,lncRNA,chr15,41304559,41304580,+,3,0,"AGO1-4,AGO2",7mer-m8,ucaggucuaaGACACGGGUGGu,|   | |||||||||,uagggcguagCAGUGCCCACCc,0.3192,1.26,5
MIMAT0000431,hsa-miR-140-5p,ENSG00000247556,OIP5-AS1,lncRNA,chr15,41304570,41304591,+,3,0,"AGO1-4,AGO2",7mer-m8,gaugguaucccauuUUGGUGAc,|  |   |  |||||||,agugcccacccucuAACCACUu,0.2861,1.61,6
MIMAT0003267,hsa-miR-599,ENSG00000247556,OIP5-AS1,lncRNA,chr15,41304618,41304639,+,5,1,"AGO1-4,AGO2",8mer,caAACUAU--UUGACUGUGUUg,|||||| |  ||  |||||||,guUUGAAAACAAAAGACACAAa,1.7832,1.474,1
MIMAT0019062,hsa-miR-4524a-5p,ENSG00000247556,OIP5-AS1,lncRNA,chr15,41304648,41304669,+,4,0,"AGO1-4,AGO2",7mer-m8,acucuguccaaguaCGACGAUa,||      |  |||||||,gcugaauaaaacuaGCUGCUAu,0.2205,1.374,1
MIMAT0022255,hsa-miR-4524b-5p,ENSG00000247556,OIP5-AS1,lncRNA,chr15,41304650,41304669,+,4,0,"AGO1-4,AGO2",7mer-m8,cucuguccgaAUACGACGAUa,| |    || |||||||,ugaauaaaacUA-GCUGCUAu,0.5017,1.118,0
MIMAT0000444,hsa-miR-126-5p,ENSG00000247556,OIP5-AS1,lncRNA,chr15,41304660,41304682,+,5,1,"AGO1-4,AGO2",7mer-m8,gcgcAUGGUUUU--CAUUAUUAc,|:|:| ::  ||||||||,uagcUGCUAUGGCUGUAAUAAUc,0.7747,0.949,7
MIMAT0002871,hsa-miR-500a-3p,ENSG00000247556,OIP5-AS1,lncRNA,chr15,41304673,41304694,+,8,1,"AGO1-4,AGO2",7mer-m8,gucuuaggaacgggUCCACGUa,|||  |     |||||||,uguaauaaucagaaAGGUGCAg,0.6242,2.285,12
MIMAT0002817,hsa-miR-495-3p,ENSG00000247556,OIP5-AS1,lncRNA,chr15,41304752,41304773,+,3,0,AGO2,7mer-m8,uucUUCACGUGGUACAAACAAa,| | |  :|: : |||||||,gauAUGGAUAUGGGGUUUGUUu,0.8448,0.181,9
MIMAT0022479,hsa-miR-5688,ENSG00000247556,OIP5-AS1,lncRNA,chr15,41304753,41304773,+,3,0,AGO2,7mer-m8,cgacaaaAUGUCCACAAACAAu,||::|| |||||||,auauggaUAUGGG-GUUUGUUu,0.527,0.167,1
MIMAT0004687,hsa-miR-371a-5p,ENSG00000247556,OIP5-AS1,lncRNA,chr15,41304785,41304804,+,1,0,AGO2,7mer-m8,ucACGGGGGUGUCAAACUCa,||:   || ||||||||,uaUGUAGACAAAGUUUGAGg,1.0048,0.133,1
MIMAT0003150,hsa-miR-455-5p,ENSG00000247556,OIP5-AS1,lncRNA,chr15,41304868,41304889,+,1,0,AGO2,7mer-m8,gcuacaucagguuUCCGUGUAu,|    |    ||||||||,uuuucagaugacuAGGCACAUg,0.3049,0.853,11
MIMAT0022479,hsa-miR-5688,ENSG00000247556,OIP5-AS1,lncRNA,chr15,41304987,41305009,+,0,0,NA,8mer,cgaCAAAAUGUCCA-CAAACAAu,| | | |:::| | |||||||,acaGAUCUGUGGUUAGUUUGUUa,1.0976,-0.116,1
MIMAT0002817,hsa-miR-495-3p,ENSG00000247556,OIP5-AS1,lncRNA,chr15,41304988,41305009,+,0,0,NA,8mer,uuCUUCACGUGGUACAAACAAa,|||  ||:: :  |||||||,caGAUCUGUGGUUAGUUUGUUa,1.1419,-0.116,9
MIMAT0015037,hsa-miR-3163,ENSG00000247556,OIP5-AS1,lncRNA,chr15,41304996,41305016,+,0,0,NA,7mer-m8,cagAAUGACGGGAGUAAAAUAu,||| | :: |:|||||||,uggUUAGU-UUGUUAUUUUAUu,1.0255,0.042,2
MIMAT0001635,hsa-miR-452-5p,ENSG00000247556,OIP5-AS1,lncRNA,chr15,41305010,41305031,+,0,0,NA,7mer-m8,agucaAAGGAGACGUUUGUCAa,|    || | :   |||||||,uuuuaUUGCAUAAAAAACAGUu,0.6219,-0.133,8
MIMAT0019759,hsa-miR-4676-3p,ENSG00000247556,OIP5-AS1,lncRNA,chr15,41305010,41305031,+,0,0,NA,7mer-m8,uucucggucaccacUUUGUCAc,|||||||,uuuuauugcauaaaAAACAGUu,-0.7727,-0.133,1
MIMAT0025858,hsa-miR-892c-3p,ENSG00000247556,OIP5-AS1,lncRNA,chr15,41305011,41305031,+,0,0,NA,7mer-m8,agGUGA-GUCUUUCCUUUGUCAc,| :|:| || |||  |||||||,uuUAUUGCAUAAA--AAACAGUu,1.2782,-0.133,2
MIMAT0015037,hsa-miR-3163,ENSG00000247556,OIP5-AS1,lncRNA,chr15,41305025,41305046,+,3,0,"AGO1,AGO2",8mer,cagaaugacgggagUAAAAUAu,|    |   |  |||||||,aacaguuuaaacaaAUUUUAUa,0.2861,0.19,2
MIMAT0022706,hsa-miR-561-5p,ENSG00000247556,OIP5-AS1,lncRNA,chr15,41305047,41305066,+,2,0,AGO2,7mer-m8,ccGUUUCAAAUUCUAGGAACUa,| ||||||||   ||||||||,gcCAAAGUUU--UAUCCUUGAu,2.0733,0.547,2
MIMAT0026615,hsa-miR-552-5p,ENSG00000247556,OIP5-AS1,lncRNA,chr15,41305099,41305119,+,0,0,NA,7mer-m8,gguuguccguuuUCCAAUUUg,|          ||||||||,gcuuuuaaugccAGGUUAAAc,-0.0952,0.424,6
MIMAT0004919,hsa-miR-541-5p,ENSG00000247556,OIP5-AS1,lncRNA,chr15,41305130,41305153,+,0,0,NA,7mer-m8,ucacccUGGCUGUCGUCUUAGGAAa,|   ||: : || | |||||||,uuuuccACUAGAAG-AAAAUCCUUg,0.7639,0.157,2
MIMAT0014983,hsa-miR-3121-3p,ENSG00000247556,OIP5-AS1,lncRNA,chr15,41305146,41305164,+,0,0,NA,7mer-m8,acAGGAAACGGAUGAGAUAAAu,||| ||| ||| |||||||,aaUCC-UUG-CUA-UCUAUUUu,1.4302,-0.098,2
MIMAT0004919,hsa-miR-541-5p,ENSG00000247556,OIP5-AS1,lncRNA,chr15,41305160,41305186,+,0,0,NA,7mer-m8,ucacccuGGCUGUCGUC--UUAGGAAa,| |    || |:|| ||  |||||||,auuuuuuCCAAUAGAAGAAAAUCCUUg,0.9336,-0.092,2
MIMAT0015037,hsa-miR-3163,ENSG00000247556,OIP5-AS1,lncRNA,chr15,41305181,41305200,+,0,0,NA,7mer-m8,caGAAUGACGGGAGUAAAAUAu,|||:||   :|:|||||||,ucCUUGCU--AUUUAUUUUAUu,1.1685,0.288,2
MIMAT0001635,hsa-miR-452-5p,ENSG00000247556,OIP5-AS1,lncRNA,chr15,41305235,41305256,+,1,0,AGO2,7mer-m8,agUCAAAGGAGACGUUUGUCAa,| |||::|:| :|||||||,aaAAUUUUUUUUUUAAACAGUc,1.3315,0.02,8
MIMAT0019759,hsa-miR-4676-3p,ENSG00000247556,OIP5-AS1,lncRNA,chr15,41305235,41305256,+,1,0,AGO2,7mer-m8,uucucggucaccACUUUGUCAc,|| |     |  | |||||||,aaaauuuuuuuuUUAAACAGUc,0.5924,0.02,1
MIMAT0025858,hsa-miR-892c-3p,ENSG00000247556,OIP5-AS1,lncRNA,chr15,41305235,41305256,+,1,0,AGO2,7mer-m8,aggugagucuuuccUUUGUCAc,| |        |||||||,aaaauuuuuuuuuuAAACAGUc,-0.0066,0.02,2
MIMAT0022717,hsa-miR-873-3p,ENSG00000247556,OIP5-AS1,lncRNA,chr15,41305238,41305259,+,1,0,AGO2,8mer,agggcccuuGAGUAGUCAGAGg,:| | |||||||,auuuuuuuuUUAAACAGUCUCa,-0.0594,0.179,6
MIMAT0025481,hsa-miR-6512-3p,ENSG00000247556,OIP5-AS1,lncRNA,chr15,41305258,41305279,+,2,0,AGO2,7mer-m8,ggaugguaaucuucCCGACCUu,|   |  |      |||||||,cacucugucgcccaGGCUGGAg,0.2927,0.13,1
MIMAT0027345,hsa-miR-6720-5p,ENSG00000247556,OIP5-AS1,lncRNA,chr15,41305258,41305279,+,2,0,AGO2,7mer-m8,gcgccGCGGAUGGUCCCGACCUu,| |  :|:|  ||| |||||||,cacucUGUCGCCCA-GGCUGGAg,1.1071,0.13,4
MIMAT0004593,hsa-miR-130a-5p,ENSG00000247556,OIP5-AS1,lncRNA,chr15,41305272,41305293,+,2,0,AGO2,7mer-m8,cgucugUCAUCGUGUUACACUu,|     |||:  :||||||||,ggcuggAGUGAAGCAAUGUGAu,0.8596,0.174,5
MIMAT0018000,hsa-miR-23c,ENSG00000247556,OIP5-AS1,lncRNA,chr15,41305272,41305293,+,2,0,AGO2,7mer-m8,cccauuagugacCGUUACACUa,|| |        |||||||||,ggcuggagugaaGCAAUGUGAu,0.4922,0.174,1
MIMAT0000078,hsa-miR-23a-3p,ENSG00000247556,OIP5-AS1,lncRNA,chr15,41305273,41305293,+,2,0,AGO2,7mer-m8,ccuuuagggacCGUUACACUa,|          |||||||||,gcuggagugaaGCAAUGUGAu,0.0476,0.187,5
MIMAT0000418,hsa-miR-23b-3p,ENSG00000247556,OIP5-AS1,lncRNA,chr15,41305273,41305293,+,2,0,AGO2,7mer-m8,ccauuagggacCGUUACACUa,| |        |||||||||,gcuggagugaaGCAAUGUGAu,0.381,0.187,3
MIMAT0004814,hsa-miR-654-3p,ENSG00000247556,OIP5-AS1,lncRNA,chr15,41305324,41305343,+,0,0,NA,7mer-m8,uuCCACUACCAGUCGUCUGUAu,|| ||: | |:| |||||||,uaGCUGG-GAUUA-CAGACAUg,1.1662,0.248,5
MIMAT0004952,hsa-miR-665,ENSG00000247556,OIP5-AS1,lncRNA,chr15,41305407,41305426,+,0,0,NA,7mer-m8,uccCCGGAGUCGGAGGACCa,||:||:   |||||||,gcuGGUCUUUAACUCCUGGc,0.9755,-0.025,4
MIMAT0022706,hsa-miR-561-5p,ENSG00000247556,OIP5-AS1,lncRNA,chr15,41305498,41305522,+,2,0,"AGO1-4,AGO2",7mer-m8,ccguuUCAAAUUCU---AGGAACUa,|    || |||| |   |||||||,guaguAGCUUAAAAUUUUCCUUGAg,0.9988,0.229,2
MIMAT0005789,hsa-miR-513c-5p,ENSG00000247556,OIP5-AS1,lncRNA,chr15,41305503,41305524,+,2,0,"AGO1-4,AGO2",8mer,uauuugcuguGGAGGAACUCUu,|      |  ::|||||||||,agcuuaaaauUUUCCUUGAGAa,0.5531,0.295,4
MIMAT0015087,hsa-miR-514b-5p,ENSG00000247556,OIP5-AS1,lncRNA,chr15,41305503,41305524,+,2,0,"AGO1-4,AGO2",8mer,uacuaacggAGGGAGAACUCUu,|   |    |::: |||||||,agcuuaaaaUUUUCCUUGAGAa,0.6297,0.295,5
MIMAT0003244,hsa-miR-579-3p,ENSG00000247556,OIP5-AS1,lncRNA,chr15,41305558,41305580,+,3,0,AGO2,7mer-m8,uuagcgcCAAAUAUGGUUUACUu,|     | ||:|: |||||||,uacaaguGAUUGUGACAAAUGAc,0.715,0.21,9
MIMAT0022272,hsa-miR-664b-3p,ENSG00000247556,OIP5-AS1,lncRNA,chr15,41305561,41305580,+,3,0,AGO2,7mer-m8,acauCCGACCCUCCGUUUACUu,| :|| ||  |||||||,aaguGAUUGUGA--CAAAUGAc,0.705,0.286,6
MIMAT0000275,hsa-miR-218-5p,ENSG00000247556,OIP5-AS1,lncRNA,chr15,41305638,41305659,+,0,0,NA,7mer-m8,ugUAC-CAAUCUAGUUCGUGUu,| |||  ||  |  |||||||,aaAUGAUUUUCACAAAGCACAu,1.1289,0.05,6
MIMAT0005788,hsa-miR-513b-5p,ENSG00000247556,OIP5-AS1,lncRNA,chr15,41305791,41305811,+,3,0,AGO2,7mer-m8,uaUUUACUGUGGAGGAACACUu,|:||| | | ||:|||||||,uuGAAUUAGA-CUUCUUGUGAc,1.3769,-0.029,3
MIMAT0000084,hsa-miR-27a-3p,ENSG00000247556,OIP5-AS1,lncRNA,chr15,41305796,41305817,+,3,0,AGO2,7mer-m8,cgcCUUGA-AUCGGUGACACUu,|| :| | |: |||||||,uuaGACUUCUUGUGACUGUGAu,0.8896,-0.143,11
MIMAT0000419,hsa-miR-27b-3p,ENSG00000247556,OIP5-AS1,lncRNA,chr15,41305796,41305817,+,3,0,AGO2,7mer-m8,cgUCUUGA-AUCGGUGACACUu,||| :| | |: |||||||,uuAGACUUCUUGUGACUGUGAu,1.1371,-0.143,4
MIMAT0002805,hsa-miR-489-3p,ENSG00000247556,OIP5-AS1,lncRNA,chr15,41305834,41305855,+,0,0,NA,7mer-m8,cgacggcaUAUACACUACAGUg,|     | :|| |||||||,aauauaugAAGUGAGAUGUCAu,0.5469,0.099,11
MIMAT0000252,hsa-miR-7-5p,ENSG00000247556,OIP5-AS1,lncRNA,chr15,41305857,41305879,+,0,0,NA,7mer-m8,uguugUUUUAGUGAUCAGAAGGu,|   || || ::| |||||||,uccugAAUAUAGUUUGUCUUCCc,0.9967,0.32,20
MIMAT0022714,hsa-miR-766-5p,ENSG00000247556,OIP5-AS1,lncRNA,chr15,41305923,41305945,+,0,0,NA,7mer-m8,uuCUGGUCGUGG-UUAAGGAGGa,||| :  | |: |||||||||,caGAGUUUCUCUAAAUUCCUCCg,1.1763,0.121,1
MIMAT0003150,hsa-miR-455-5p,ENSG00000247556,OIP5-AS1,lncRNA,chr15,41305944,41305966,+,2,0,AGO2,7mer-m8,gcUACAUCAGGU--UUCCGUGUAu,|||| || ||||  |||||||||,cgAU-UAUUCCACUAAGGCACAUu,1.8824,0.157,11
MIMAT0004814,hsa-miR-654-3p,ENSG00000247556,OIP5-AS1,lncRNA,chr15,41305975,41305996,+,2,0,AGO2,7mer-m8,uuccacuaCCAGUCGUCUGUAu,|  |   ||  | |||||||,uaauuuugGGAAACCAGACAUc,0.6752,0.178,5
MIMAT0000617,hsa-miR-200c-3p,ENSG00000247556,OIP5-AS1,lncRNA,chr15,41306045,41306066,+,0,1,NA,7mer-m8,agGUAGUAAUGGGCCGUCAUAAu,| | :||| |:| |||||||,auCUUAGUUA-CUGACAGUAUUc,1.1251,-0.477,6
MIMAT0000318,hsa-miR-200b-3p,ENSG00000247556,OIP5-AS1,lncRNA,chr15,41306046,41306066,+,0,1,NA,7mer-m8,aguAGUAAUGGUCCGUCAUAAu,|| | :||||: | |||||||,ucuUAGUUACU-GACAGUAUUc,1.5055,-0.515,5
MIMAT0001536,hsa-miR-429,ENSG00000247556,OIP5-AS1,lncRNA,chr15,41306046,41306066,+,0,1,NA,7mer-m8,ugccaaAAUGGUCUGUCAUAAu,|    ||||: |||||||||,ucuuagUUACU-GACAGUAUUc,1.143,-0.515,7
MIMAT0004919,hsa-miR-541-5p,ENSG00000247556,OIP5-AS1,lncRNA,chr15,41306143,41306168,+,1,0,AGO2,8mer,ucacccuggcuGUCGU-CUUAGGAAa,|      |  :| ||  |||||||,ugguaauacauUAUCAUCAAUCCUUa,0.3433,0.033,2
MIMAT0001635,hsa-miR-452-5p,ENSG00000247556,OIP5-AS1,lncRNA,chr15,41306154,41306175,+,1,0,AGO2,8mer,agucaaaggAGACGUUUGUCAa,|    |   ||  :|||||||,uaucaucaaUCCUUAAACAGUa,0.5698,0.204,8
MIMAT0019759,hsa-miR-4676-3p,ENSG00000247556,OIP5-AS1,lncRNA,chr15,41306154,41306175,+,1,0,AGO2,8mer,uucucGGUCACCACUUUGUCAc,|   :|| |  | |||||||,uaucaUCAAUCCUUAAACAGUa,0.7849,0.204,1
MIMAT0025858,hsa-miR-892c-3p,ENSG00000247556,OIP5-AS1,lncRNA,chr15,41306154,41306175,+,1,0,AGO2,8mer,aggugagucuuuccUUUGUCAc,|    |||      |||||||,uaucaucaauccuuAAACAGUa,0.5066,0.204,2
MIMAT0017988,hsa-miR-3611,ENSG00000247556,OIP5-AS1,lncRNA,chr15,41306232,41306249,+,4,0,"AGO1,AGO2",7mer-m8,auUCUUAAAGAAAGAAGUGUu,| ||| | ||   |||||||,uuAGACUGUC---CUUCACAu,1.101,0.22,2
MIMAT0010251,hsa-miR-449c-5p,ENSG00000247556,OIP5-AS1,lncRNA,chr15,41306243,41306269,+,10,4,"AGO1-4,AGO2",7mer-m8,ugucggcgaucguuAUG--UGACGGAu,|      |  |||  |||||||,uucacauuauacuuUACCUACUGCCUu,0.156,0.047,1
MIMAT0000685,hsa-miR-34b-5p,ENSG00000247556,OIP5-AS1,lncRNA,chr15,41306247,41306269,+,9,4,"AGO1-4,AGO2",7mer-m8,guuagucgauuacuGUGACGGAu,|| |   ||     :|||||||,cauuauacuuuaccUACUGCCUu,0.7613,0.082,4
MIMAT0013517,hsa-miR-2682-5p,ENSG00000247556,OIP5-AS1,lncRNA,chr15,41306247,41306269,+,9,4,"AGO1-4,AGO2",7mer-m8,cugcagacuugucaGUGACGGAc,|         |  :|||||||,cauuauacuuuaccUACUGCCUu,-0.1003,0.082,10
MIMAT0022844,hsa-miR-216a-3p,ENSG00000247556,OIP5-AS1,lncRNA,chr15,41306273,41306295,+,15,0,"AGO1,AGO1-4,AGO2",7mer-m8,uaUUAGGGUC-UCUGGUGACACu,| |||   ||  | :|||||||,agAAUAAGAGUUGCUCACUGUGu,1.0898,0.355,3
MIMAT0018109,hsa-miR-3681-3p,ENSG00000247556,OIP5-AS1,lncRNA,chr15,41306274,41306295,+,15,0,"AGO1,AGO1-4,AGO2",7mer-m8,ucaucaccuacuucGUGACACa,|  |    |||||||,gaauaagaguugcuCACUGUGu,0.0797,0.372,1
MIMAT0000424,hsa-miR-128-3p,ENSG00000247556,OIP5-AS1,lncRNA,chr15,41306275,41306295,+,15,0,"AGO1,AGO1-4,AGO2",7mer-m8,uuucUCUGGCCAAGUGACACu,||  ||| : | ||||||||,aauaAGAGUUGCUCACUGUGu,1.3194,0.382,3
MIMAT0000244,hsa-miR-30c-5p,ENSG00000247556,OIP5-AS1,lncRNA,chr15,41306275,41306300,+,18,0,"AGO1,AGO1-4,AGO2",7mer-m8,cgACUCUC-AC-A-UCCUACAAAUGu,| |||| || | |  :|||||||,aaUAAGAGUUGCUCACUGUGUUUACu,1.2046,0.314,6
MIMAT0000087,hsa-miR-30a-5p,ENSG00000247556,OIP5-AS1,lncRNA,chr15,41306276,41306300,+,18,0,"AGO1,AGO1-4,AGO2",7mer-m8,gaaggUCAGC---UCCUACAAAUGu,|   |||:|   |  :|||||||,auaagAGUUGCUCACUGUGUUUACu,0.7206,0.3,7
MIMAT0000420,hsa-miR-30b-5p,ENSG00000247556,OIP5-AS1,lncRNA,chr15,41306276,41306300,+,18,0,"AGO1,AGO1-4,AGO2",7mer-m8,ucgaCUC-AC-A-UCCUACAAAUGu,|   ||| || | |  :|||||||,auaaGAGUUGCUCACUGUGUUUACu,1.0443,0.3,8
MIMAT0000245,hsa-miR-30d-5p,ENSG00000247556,OIP5-AS1,lncRNA,chr15,41306279,41306300,+,18,0,"AGO1,AGO1-4,AGO2",7mer-m8,gaaggucagccccUACAAAUGu,|      :|||||||,agaguugcucacuGUGUUUACu,-0.0378,0.323,5
MIMAT0000692,hsa-miR-30e-5p,ENSG00000247556,OIP5-AS1,lncRNA,chr15,41306280,41306300,+,18,0,"AGO1,AGO1-4,AGO2",7mer-m8,gaaggucAGUUCCUACAAAUGu,|||  | |||||||,gaguugcUCACUG-UGUUUACu,0.3364,0.334,5
MIMAT0000077,hsa-miR-22-3p,ENSG00000247556,OIP5-AS1,lncRNA,chr15,41306368,41306389,+,2,0,AGO2,7mer-m8,ugUCAAGAAGUUGACCGUCGAa,||| :| |||  |||||||,uaAGUAUUACAAAAGGCAGCUu,1.2805,2.427,12
MIMAT0000439,hsa-miR-153-3p,ENSG00000247556,OIP5-AS1,lncRNA,chr15,41306386,41306407,+,2,0,AGO2,7mer-m8,cuAGUGAAAACACU-GAUACGUu,| |::||| | | | |||||||,gcUUGCUUCU-UAAUCUAUGCAu,1.3049,3.51,8
MIMAT0003215,hsa-miR-552-3p,ENSG00000247556,OIP5-AS1,lncRNA,chr15,41306464,41306484,+,6,0,"AGO1-4,AGO2",7mer-m8,aacagaUUGGUCAGUGGACAa,|    |:|:   |||||||,guuggaAGCUCUGCACCUGUg,0.6121,3.491,2
MIMAT0022724,hsa-miR-1277-5p,ENSG00000247556,OIP5-AS1,lncRNA,chr15,41306474,41306497,+,6,0,"AGO1-4,AGO2",7mer-m8,uaugcauGUAUAUAUAUAUAUAAa,| |   ::|:||||||||||||,cugcaccUGUGUAUAUAUAUAUUu,1.2083,2.399,0
MIMAT0000429,hsa-miR-137,ENSG00000247556,OIP5-AS1,lncRNA,chr15,41306484,41306506,+,5,0,"AGO1-4,AGO2",8mer,gaUGCGCAUAAGAAUUCGUUAUu,||: : ||| :|| |||||||,guAUAUAUAUAUUUUAGCAAUAa,1.3456,2.566,10
MIMAT0000243,hsa-miR-148a-3p,ENSG00000247556,OIP5-AS1,lncRNA,chr15,41306510,41306532,+,1,0,AGO2,8mer,uguUUCAAGAC-AUCACGUGACu,|  | |  |||  | |||||||,agcAUGGGCUGAGAAUGCACUGa,0.9756,3.484,8
MIMAT0000759,hsa-miR-148b-3p,ENSG00000247556,OIP5-AS1,lncRNA,chr15,41306510,41306532,+,1,0,AGO2,8mer,uguUUCAAGACAC-UACGUGACu,|  | |  ||| | ||||||||,agcAUGGGCUGAGAAUGCACUGa,1.112,3.484,11
MIMAT0000438,hsa-miR-152-3p,ENSG00000247556,OIP5-AS1,lncRNA,chr15,41306511,41306532,+,1,0,AGO2,8mer,ggUUCAAGAC-AGUACGUGACu,|| |  |||   ||||||||,gcAUGGGCUGAGAAUGCACUGa,1.1289,3.453,7
MIMAT0025481,hsa-miR-6512-3p,ENSG00000247556,OIP5-AS1,lncRNA,chr15,41308729,41308750,+,0,0,NA,7mer-m8,ggaugguaaucuucCCGACCUu,|   |  |      |||||||,cacucugucgcccaGGCUGGAg,0.2927,-0.365,1
MIMAT0027345,hsa-miR-6720-5p,ENSG00000247556,OIP5-AS1,lncRNA,chr15,41308729,41308750,+,0,0,NA,7mer-m8,gcgccGCGGAUGGUCCCGACCUu,| |  :|:|  ||| |||||||,cacucUGUCGCCCA-GGCUGGAg,1.1071,-0.365,4
MIMAT0027668,hsa-miR-6884-5p,ENSG00000247556,OIP5-AS1,lncRNA,chr15,41308761,41308784,+,0,0,NA,7mer-m8,guUGUAGUGGA-AGA-GUCGGAGa,| |: ||: ||  || |||||||,cgAUCUCGGCUGACUGCAGCCUCu,1.2493,-0.002,1
MIMAT0002175,hsa-miR-485-5p,ENSG00000247556,OIP5-AS1,lncRNA,chr15,41308764,41308784,+,0,0,NA,7mer-m8,cuuaaguAGUGCCGGUCGGAGa,| || | |||||||,ucucggcUGACUG-CAGCCUCu,0.2887,-0.003,3
MIMAT0010251,hsa-miR-449c-5p,ENSG00000247556,OIP5-AS1,lncRNA,chr15,41308925,41308949,+,0,0,NA,7mer-m8,ugucGGCGAUCGUUAUGUGACGGAu,|| | ||::|| ||||||||,cugaCCUCAAGUGAUCCACUGCCUc,1.0701,-0.332,1
MIMAT0013517,hsa-miR-2682-5p,ENSG00000247556,OIP5-AS1,lncRNA,chr15,41308925,41308949,+,0,0,NA,7mer-m8,cugcaGACUU-GUCA-GUGACGGAc,|| || :: | ||||||||,cugacCUCAAGUGAUCCACUGCCUc,0.7256,-0.332,10
MIMAT0000685,hsa-miR-34b-5p,ENSG00000247556,OIP5-AS1,lncRNA,chr15,41308928,41308949,+,0,0,NA,7mer-m8,guuAGUCGAUUACUGUGACGGAu,|||  |:||  ||||||||,accUCAAGUGAU-CCACUGCCUc,1.0244,-0.409,4
MIMAT0015037,hsa-miR-3163,ENSG00000247556,OIP5-AS1,lncRNA,chr15,41308986,41309008,+,0,0,NA,7mer-m8,cagaaugaCGGG-AGUAAAAUAu,|     |||: | |||||||,ugcgccagGCCUGUAAUUUUAUg,0.6589,-0.248,2
MIMAT0000256,hsa-miR-181a-5p,ENSG00000247556,OIP5-AS1,lncRNA,chr15,41309012,41309034,+,0,0,NA,7mer-m8,ugAGUG-GCUGUCGCAACUUACAa,|:|: :||:  : ||||||||,cuUUAUGUGAUUAU-UUGAAUGUc,0.9565,0.224,8
MIMAT0000257,hsa-miR-181b-5p,ENSG00000247556,OIP5-AS1,lncRNA,chr15,41309012,41309034,+,0,0,NA,7mer-m8,uggguggcugucguuACUUACAa,|          |||||||,cuuuaugugauuauuUGAAUGUc,-0.3977,0.224,8
MIMAT0000258,hsa-miR-181c-5p,ENSG00000247556,OIP5-AS1,lncRNA,chr15,41309012,41309034,+,0,0,NA,7mer-m8,ugAGUG-GCUGUCCAACUUACAa,|:|: :||:   ||||||||,cuUUAUGUGAUUAUUUGAAUGUc,1.0188,0.224,3
MIMAT0002821,hsa-miR-181d-5p,ENSG00000247556,OIP5-AS1,lncRNA,chr15,41309013,41309034,+,0,0,NA,7mer-m8,ugggugGCUGUUGUUACUUACAa,:||: |:  |||||||,uuuaugUGAUUAU-UUGAAUGUc,0.4346,0.237,2
MIMAT0016894,hsa-miR-4262,ENSG00000247556,OIP5-AS1,lncRNA,chr15,41309018,41309034,+,0,0,NA,7mer-m8,guCCAUCAGACUUACAg,| |  |:|||||||,guGAUUAUUUGAAUGUc,0.9756,0.162,0
MIMAT0014983,hsa-miR-3121-3p,ENSG00000247556,OIP5-AS1,lncRNA,chr15,41309059,41309079,+,0,0,NA,7mer-m8,acaggaAACGGAUGAGAUAAAu,|     | |: |: |||||||,uaaggaUAGUGUG-UCUAUUUu,0.5735,-0.091,2
MIMAT0019853,hsa-miR-4731-5p,ENSG00000247556,OIP5-AS1,lncRNA,chr15,41309078,41309101,+,0,0,NA,8mer,guGUGAGU--ACACCGGGGGUCGu,::||:|  | |  :|||||||,uuUGCUUACCUUUUAUCCCCAGCa,0.9091,-0.094,2
MIMAT0022724,hsa-miR-1277-5p,ENSG00000247556,OIP5-AS1,lncRNA,chr15,41309108,41309131,+,0,0,NA,8mer,uaugcauguAUAUAUAUAUAUAAa,||      || | |||||||||,cuaacacuuUACAAAUAUAUAUUa,0.701,0.315,0
MIMAT0014983,hsa-miR-3121-3p,ENSG00000247556,OIP5-AS1,lncRNA,chr15,41309394,41309415,+,0,0,NA,7mer-m8,acaggaaacGGAUGAGAUAAAu,|| |||||||||,acauuaagcCCAACUCUAUUUu,0.1601,0.235,2
MIMAT0018183,hsa-miR-3909,ENSG00000247556,OIP5-AS1,lncRNA,chr15,41309429,41309448,+,0,0,NA,8mer,ucUGACGUCCGGGAUCUCCUGu,||| :|| :|  |||||||,caACUUUAGAUC--AGAGGACa,1.0776,0.223,2
MIMAT0027605,hsa-miR-6852-3p,ENSG00000247556,OIP5-AS1,lncRNA,chr15,41309432,41309448,+,0,0,NA,8mer,gacucCUUGUCUCCUGu,||   || ||||||||,cuuuaGAUCAGAGGACa,1.2653,0.312,0
MIMAT0004919,hsa-miR-541-5p,ENSG00000247556,OIP5-AS1,lncRNA,chr15,41309551,41309575,+,0,0,NA,8mer,ucacccuggcUGUCGUCUUAGGAAa,| || |||||||||,uagcuauaaaAGAGAAGAAUCCUUa,0.0544,0.218,2
MIMAT0017988,hsa-miR-3611,ENSG00000247556,OIP5-AS1,lncRNA,chr15,41309585,41309605,+,0,0,NA,8mer,auucuuaaagaaaGAAGUGUu,|       |||||||,cuucuaaaaacagCUUCACAa,-0.1134,0.452,2
MIMAT0004987,hsa-miR-944,ENSG00000247556,OIP5-AS1,lncRNA,chr15,41309590,41309612,+,0,0,NA,7mer-m8,gagUAGGCUACAUG-UUAUUAAa,| | | |  || |||||||,aaaAACAGCUUCACAAAUAAUUu,0.7395,0.499,3
MIMAT0003215,hsa-miR-552-3p,ENSG00000247556,OIP5-AS1,lncRNA,chr15,41309683,41309702,+,0,0,NA,7mer-m8,aaCAGAUUGGUCAGUGGACAa,|| |||| ||| |||||||,auGACUAAGCAG-CACCUGUu,1.6864,0.111,2
MIMAT0000429,hsa-miR-137,ENSG00000247556,OIP5-AS1,lncRNA,chr15,41309692,41309719,+,0,0,NA,8mer,gaUGCGCAUAAGAAU-----UCGUUAUu,| :| | |:|| ||:     |||||||,caGCACCUGUUGUUGAAGACAGCAAUAa,0.9416,-0.023,10
